symbol,date,open,close,high,low,volume,adjclose
^BVSP,2021-01-13,123996.0,122040.0,124032.0,121016.0,10291500.0,122040.0
^BVSP,2021-01-12,123255.0,123998.0,124584.0,123227.0,8949000.0,123998.0
^BVSP,2021-01-11,125075.0,122807.0,125075.0,122506.0,9537600.0,122807.0
^BVSP,2021-01-08,122387.0,125077.0,125324.0,122386.0,11085800.0,125077.0
^BVSP,2021-01-07,119103.0,121956.0,121983.0,119101.0,11774800.0,121956.0
^BVSP,2021-01-06,119377.0,119851.0,120924.0,118917.0,11638200.0,119851.0
^BVSP,2021-01-05,118835.0,119223.0,119790.0,116756.0,9257100.0,119223.0
^BVSP,2021-01-04,119024.0,118558.0,120354.0,118062.0,8741400.0,118558.0
^BVSP,2020-12-30,119410.0,119306.0,120150.0,118919.0,8235700.0,119306.0
^BVSP,2020-12-29,119130.0,119475.0,119861.0,118750.0,6769700.0,119475.0
^BVSP,2020-12-28,117806.0,119051.0,119213.0,117805.0,7171700.0,119051.0
^BVSP,2020-12-23,116636.0,117857.0,118311.0,116636.0,6483300.0,117857.0
^BVSP,2020-12-22,115825.0,116348.0,116903.0,115648.0,6947900.0,116348.0
^BVSP,2020-12-21,118021.0,116016.0,118021.0,114730.0,10347100.0,116016.0
^BVSP,2020-12-18,118395.0,117679.0,119370.0,117639.0,8636000.0,117679.0
^BVSP,2020-12-17,117864.0,118157.0,119027.0,117856.0,7701400.0,118157.0
^BVSP,2020-12-16,116149.0,117947.0,118178.0,115496.0,9808100.0,117947.0
^BVSP,2020-12-15,114613.0,116146.0,116390.0,114613.0,8195100.0,116146.0
^BVSP,2020-12-14,115137.0,114975.0,115740.0,114431.0,8190900.0,114975.0
^BVSP,2020-12-11,115128.0,115323.0,115527.0,113949.0,8372300.0,115323.0
^BVSP,2020-12-10,113002.0,114992.0,115262.0,112732.0,11803600.0,114992.0
^BVSP,2020-12-09,113799.0,112722.0,114020.0,112567.0,8431100.0,112722.0
^BVSP,2020-12-08,113590.0,113571.0,114381.0,112820.0,8810900.0,113571.0
^BVSP,2020-12-07,113751.0,113625.0,114531.0,112629.0,9633900.0,113625.0
^BVSP,2020-12-04,112294.0,113682.0,113864.0,112294.0,8892900.0,113682.0
^BVSP,2020-12-03,111874.0,112919.0,113377.0,111874.0,11474200.0,112919.0
^BVSP,2020-12-02,111402.0,111814.0,112315.0,110579.0,9814300.0,111814.0
^BVSP,2020-12-01,108897.0,111335.0,111840.0,108897.0,11324800.0,111335.0
^BVSP,2020-11-30,110598.0,108888.0,110934.0,108829.0,19300000.0,108888.0
^BVSP,2020-11-27,110229.0,110575.0,111603.0,110161.0,8790300.0,110575.0
^BVSP,2020-11-26,110133.0,110227.0,110245.0,109418.0,6166800.0,110227.0
^BVSP,2020-11-25,109786.0,110133.0,110596.0,109315.0,8564700.0,110133.0
^BVSP,2020-11-24,107378.0,109786.0,109956.0,107361.0,11934800.0,109786.0
^BVSP,2020-11-23,106050.0,107379.0,107495.0,106050.0,9686000.0,107379.0
^BVSP,2020-11-19,106117.0,106517.0,106973.0,105545.0,8555700.0,106517.0
^BVSP,2020-11-18,107246.0,106483.0,107467.0,106217.0,10337300.0,106483.0
^BVSP,2020-11-17,106430.0,107229.0,107810.0,105847.0,10311000.0,107229.0
^BVSP,2020-11-16,104729.0,106430.0,106518.0,104729.0,11724300.0,106430.0
^BVSP,2020-11-13,102509.0,104512.0,104707.0,102509.0,9772100.0,104512.0
^BVSP,2020-11-12,104810.0,102175.0,105019.0,102034.0,10860300.0,102175.0
^BVSP,2020-11-11,105067.0,104532.0,105462.0,104143.0,10841000.0,104532.0
^BVSP,2020-11-10,103516.0,105351.0,105758.0,103453.0,16665200.0,105351.0
^BVSP,2020-11-09,100954.0,103913.0,105147.0,100954.0,17410500.0,103913.0
^BVSP,2020-11-06,100751.0,100799.0,100928.0,99837.0,8382800.0,100799.0
^BVSP,2020-11-05,97873.0,100774.0,100922.0,97872.0,10455300.0,100774.0
^BVSP,2020-11-04,95992.0,97811.0,98296.0,95987.0,10704600.0,97811.0
^BVSP,2020-11-03,93968.0,95587.0,96250.0,93968.0,10191800.0,95587.0
^BVSP,2020-10-30,96579.0,93952.0,96579.0,93559.0,10643200.0,93952.0
^BVSP,2020-10-29,95368.0,96582.0,96688.0,93387.0,12704400.0,96582.0
^BVSP,2020-10-28,99598.0,95369.0,99598.0,95369.0,11051600.0,95369.0
^BVSP,2020-10-27,101017.0,99606.0,101660.0,99414.0,8672300.0,99606.0
^BVSP,2020-10-26,101260.0,101017.0,101784.0,99762.0,8070400.0,101017.0
^BVSP,2020-10-23,101918.0,101260.0,102218.0,101188.0,7561100.0,101260.0
^BVSP,2020-10-22,100553.0,101918.0,102020.0,100457.0,9556900.0,101918.0
^BVSP,2020-10-21,100541.0,100552.0,101586.0,100149.0,8661100.0,100552.0
^BVSP,2020-10-20,98664.0,100540.0,100722.0,98664.0,8796000.0,100540.0
^BVSP,2020-10-19,98310.0,98658.0,99917.0,98310.0,9929400.0,98658.0
^BVSP,2020-10-16,99054.0,98309.0,99172.0,98309.0,7840200.0,98309.0
^BVSP,2020-10-15,99328.0,99054.0,99486.0,97778.0,8335200.0,99054.0
^BVSP,2020-10-14,98502.0,99334.0,99571.0,98501.0,8891000.0,99334.0
^BVSP,2020-10-13,97483.0,98503.0,98998.0,97336.0,7867500.0,98503.0
^BVSP,2020-10-09,97924.0,97483.0,98642.0,97161.0,10810500.0,97483.0
^BVSP,2020-10-08,95530.0,97920.0,97938.0,95530.0,11163600.0,97920.0
^BVSP,2020-10-07,95616.0,95526.0,96380.0,94881.0,9829900.0,95526.0
^BVSP,2020-10-06,96091.0,95615.0,97405.0,95211.0,11299600.0,95615.0
^BVSP,2020-10-05,94019.0,96089.0,96414.0,93984.0,8616000.0,96089.0
^BVSP,2020-10-02,95475.0,94016.0,95996.0,93897.0,8584900.0,94016.0
^BVSP,2020-10-01,94604.0,95479.0,95486.0,93599.0,9243500.0,95479.0
^BVSP,2020-09-30,93586.0,94603.0,95340.0,93584.0,9454300.0,94603.0
^BVSP,2020-09-29,94665.0,93580.0,95505.0,93408.0,8737200.0,93580.0
^BVSP,2020-09-28,97005.0,94666.0,98314.0,94371.0,10508900.0,94666.0
^BVSP,2020-09-25,97011.0,96999.0,97012.0,95632.0,7351100.0,96999.0
^BVSP,2020-09-24,95735.0,97012.0,97955.0,95653.0,9331000.0,97012.0
^BVSP,2020-09-23,97294.0,95735.0,97389.0,95728.0,8830700.0,95735.0
^BVSP,2020-09-22,96995.0,97294.0,97684.0,96390.0,7281300.0,97294.0
^BVSP,2020-09-21,98283.0,96991.0,98283.0,95820.0,9738000.0,96991.0
^BVSP,2020-09-18,100098.0,98290.0,100102.0,98045.0,11370300.0,98290.0
^BVSP,2020-09-17,99674.0,100098.0,100251.0,98562.0,0.0,100098.0
^BVSP,2020-09-16,100299.0,99676.0,100663.0,99663.0,7139400.0,99676.0
^BVSP,2020-09-15,100277.0,100298.0,100949.0,99647.0,9216700.0,100298.0
^BVSP,2020-09-14,98367.0,100275.0,100520.0,98367.0,8182100.0,100275.0
^BVSP,2020-09-11,98839.0,98363.0,99435.0,97758.0,9107900.0,98363.0
^BVSP,2020-09-10,101291.0,98835.0,101536.0,98687.0,8894600.0,98835.0
^BVSP,2020-09-09,100050.0,101292.0,101578.0,100050.0,7955600.0,101292.0
^BVSP,2020-09-08,101239.0,100050.0,101239.0,99373.0,8479000.0,100050.0
^BVSP,2020-09-04,100733.0,101242.0,101582.0,98961.0,11327400.0,101242.0
^BVSP,2020-09-03,101911.0,100721.0,103226.0,99751.0,12611000.0,100721.0
^BVSP,2020-09-02,102168.0,101911.0,102824.0,100872.0,7557900.0,101911.0
^BVSP,2020-09-01,99382.0,102168.0,102238.0,99382.0,9384700.0,102168.0
^BVSP,2020-08-31,102142.0,99369.0,102142.0,99369.0,12226100.0,99369.0
^BVSP,2020-08-28,100631.0,102143.0,102347.0,100631.0,7665700.0,102143.0
^BVSP,2020-08-27,100625.0,100624.0,101548.0,99857.0,7360600.0,100624.0
^BVSP,2020-08-26,102119.0,100627.0,102521.0,99359.0,9861200.0,100627.0
^BVSP,2020-08-25,102293.0,102118.0,102708.0,101623.0,8170900.0,102118.0
^BVSP,2020-08-24,101525.0,102298.0,102515.0,101525.0,7723000.0,102298.0
^BVSP,2020-08-21,101460.0,101521.0,101566.0,100412.0,9100200.0,101521.0
^BVSP,2020-08-20,100853.0,101468.0,101749.0,99131.0,9405000.0,101468.0
^BVSP,2020-08-19,102072.0,100854.0,102334.0,100800.0,10025800.0,100854.0
^BVSP,2020-08-18,99597.0,102065.0,102247.0,99597.0,9418700.0,102065.0
^BVSP,2020-08-17,101348.0,99595.0,101689.0,98513.0,10816200.0,99595.0
^BVSP,2020-08-14,100469.0,101353.0,101717.0,100445.0,8576300.0,101353.0
^BVSP,2020-08-13,102118.0,100461.0,103237.0,100187.0,10721300.0,100461.0
^BVSP,2020-08-12,102176.0,102118.0,103116.0,100698.0,10114200.0,102118.0
^BVSP,2020-08-11,103449.0,102174.0,104409.0,102174.0,9360900.0,102174.0
^BVSP,2020-08-10,102776.0,103444.0,103722.0,101282.0,8259500.0,103444.0
^BVSP,2020-08-07,104116.0,102776.0,104126.0,101957.0,10337100.0,102776.0
^BVSP,2020-08-06,102733.0,104126.0,104523.0,102733.0,9686600.0,104126.0
^BVSP,2020-08-05,101220.0,102802.0,103763.0,101220.0,10922100.0,102802.0
^BVSP,2020-08-04,102826.0,101216.0,103012.0,100005.0,12029800.0,101216.0
^BVSP,2020-08-03,102913.0,102830.0,103863.0,102304.0,10901000.0,102830.0
^BVSP,2020-07-31,105010.0,102912.0,105462.0,102642.0,12929300.0,102912.0
^BVSP,2020-07-30,105605.0,105009.0,105607.0,103920.0,9591700.0,105009.0
^BVSP,2020-07-29,104112.0,105605.0,105704.0,104112.0,9238300.0,105605.0
^BVSP,2020-07-28,104477.0,104109.0,104663.0,103592.0,9087100.0,104109.0
^BVSP,2020-07-27,102381.0,104477.0,104585.0,102381.0,9622400.0,104477.0
^BVSP,2020-07-24,102292.0,102382.0,102694.0,100859.0,9795200.0,102382.0
^BVSP,2020-07-23,104291.0,102293.0,104949.0,102119.0,10366600.0,102293.0
^BVSP,2020-07-22,104312.0,104290.0,104980.0,103277.0,10833700.0,104290.0
^BVSP,2020-07-21,104426.0,104310.0,105449.0,103732.0,11105800.0,104310.0
^BVSP,2020-07-20,102888.0,104426.0,104439.0,102744.0,8931800.0,104426.0
^BVSP,2020-07-17,100554.0,102888.0,103017.0,100554.0,10429400.0,102888.0
^BVSP,2020-07-16,101791.0,100553.0,101792.0,100160.0,8127100.0,100553.0
^BVSP,2020-07-15,100444.0,101791.0,102114.0,100444.0,9285600.0,101791.0
^BVSP,2020-07-14,98699.0,100440.0,100632.0,98289.0,10019400.0,100440.0
^BVSP,2020-07-13,100027.0,98697.0,100858.0,98697.0,10382300.0,98697.0
^BVSP,2020-07-10,99160.0,100032.0,100101.0,98739.0,9147200.0,100032.0
^BVSP,2020-07-09,99770.0,99160.0,100191.0,98861.0,0.0,99160.0
^BVSP,2020-07-08,97765.0,99770.0,99973.0,97765.0,9142700.0,99770.0
^BVSP,2020-07-07,98937.0,97761.0,98938.0,97272.0,8951400.0,97761.0
^BVSP,2020-07-06,96776.0,98937.0,99257.0,96768.0,9489400.0,98937.0
^BVSP,2020-07-03,96237.0,96765.0,96765.0,95803.0,5351600.0,96765.0
^BVSP,2020-07-02,96206.0,96235.0,97864.0,96052.0,10062900.0,96235.0
^BVSP,2020-07-01,95062.0,96203.0,96852.0,95062.0,10163300.0,96203.0
^BVSP,2020-06-30,95728.0,95056.0,96257.0,94806.0,10144500.0,95056.0
^BVSP,2020-06-29,93837.0,95735.0,95735.0,93825.0,8906800.0,95735.0
^BVSP,2020-06-26,95979.0,93834.0,95979.0,93514.0,8439100.0,93834.0
^BVSP,2020-06-25,94382.0,95983.0,96260.0,94152.0,8697900.0,95983.0
^BVSP,2020-06-24,95974.0,94377.0,95974.0,93259.0,9962700.0,94377.0
^BVSP,2020-06-23,95344.0,95975.0,97486.0,95344.0,9752700.0,95975.0
^BVSP,2020-06-22,96572.0,95336.0,96870.0,94869.0,8264700.0,95336.0
^BVSP,2020-06-19,96138.0,96572.0,97540.0,95874.0,13134400.0,96572.0
^BVSP,2020-06-18,95547.0,96125.0,97110.0,94698.0,10008500.0,96125.0
^BVSP,2020-06-17,93531.0,95547.0,96611.0,93531.0,11134700.0,95547.0
^BVSP,2020-06-16,92387.0,93531.0,95216.0,92387.0,12034200.0,93531.0
^BVSP,2020-06-15,92780.0,92376.0,93112.0,90148.0,13317500.0,92376.0
^BVSP,2020-06-12,94677.0,92795.0,94703.0,90811.0,12785600.0,92795.0
^BVSP,2020-06-10,96747.0,94686.0,97646.0,94665.0,11739600.0,94686.0
^BVSP,2020-06-09,97644.0,96747.0,97644.0,95386.0,11278800.0,96747.0
^BVSP,2020-06-08,94640.0,97645.0,97693.0,94635.0,11096500.0,97645.0
^BVSP,2020-06-05,93839.0,94637.0,97356.0,93839.0,13320300.0,94637.0
^BVSP,2020-06-04,92993.0,93829.0,94132.0,92221.0,11488000.0,93829.0
^BVSP,2020-06-03,91048.0,93002.0,93710.0,91048.0,15137900.0,93002.0
^BVSP,2020-06-02,88622.0,91046.0,91046.0,88622.0,11827300.0,91046.0
^BVSP,2020-06-01,87395.0,88620.0,89019.0,86837.0,9849400.0,88620.0
^BVSP,2020-05-29,86951.0,87403.0,87410.0,85384.0,16550900.0,87403.0
^BVSP,2020-05-28,87946.0,86949.0,88091.0,86767.0,10117000.0,86949.0
^BVSP,2020-05-27,85468.0,87946.0,87946.0,85468.0,11212000.0,87946.0
^BVSP,2020-05-26,85668.0,85469.0,87333.0,85396.0,12030800.0,85469.0
^BVSP,2020-05-25,82198.0,85663.0,85876.0,82193.0,8764400.0,85663.0
^BVSP,2020-05-22,83027.0,82173.0,83027.0,81669.0,9281200.0,82173.0
^BVSP,2020-05-21,81320.0,83027.0,83309.0,81317.0,11395200.0,83027.0
^BVSP,2020-05-20,80747.0,81319.0,82290.0,80740.0,9522800.0,81319.0
^BVSP,2020-05-19,81197.0,80742.0,82175.0,80647.0,10740100.0,80742.0
^BVSP,2020-05-18,77576.0,81194.0,81420.0,77571.0,11533100.0,81194.0
^BVSP,2020-05-15,79011.0,77557.0,79538.0,77426.0,11718200.0,77557.0
^BVSP,2020-05-14,77770.0,79011.0,79011.0,75697.0,13818900.0,79011.0
^BVSP,2020-05-13,77877.0,77772.0,78911.0,77152.0,11575900.0,77772.0
^BVSP,2020-05-12,79065.0,77872.0,80344.0,77872.0,10245400.0,77872.0
^BVSP,2020-05-11,80263.0,79065.0,80723.0,78994.0,9781900.0,79065.0
^BVSP,2020-05-08,78152.0,80263.0,80557.0,78152.0,10734400.0,80263.0
^BVSP,2020-05-07,79072.0,78119.0,80061.0,78061.0,13808900.0,78119.0
^BVSP,2020-05-06,79473.0,79064.0,79996.0,78056.0,9775900.0,79064.0
^BVSP,2020-05-05,78887.0,79471.0,81066.0,78886.0,9154700.0,79471.0
^BVSP,2020-05-04,80501.0,78876.0,80502.0,77640.0,8594200.0,78876.0
^BVSP,2020-04-30,83169.0,80506.0,83169.0,80168.0,11804600.0,80506.0
^BVSP,2020-04-29,81313.0,83171.0,83598.0,81313.0,11719700.0,83171.0
^BVSP,2020-04-28,78243.0,81312.0,81427.0,78243.0,12939000.0,81312.0
^BVSP,2020-04-27,75334.0,78239.0,78563.0,75327.0,10656900.0,78239.0
^BVSP,2020-04-24,79667.0,75331.0,79667.0,72041.0,16529200.0,75331.0
^BVSP,2020-04-23,80690.0,79673.0,81934.0,78622.0,10823500.0,79673.0
^BVSP,2020-04-22,78973.0,80687.0,81184.0,78973.0,9848900.0,80687.0
^BVSP,2020-04-20,78989.0,78973.0,80106.0,76943.0,8874700.0,78973.0
^BVSP,2020-04-17,77817.0,78990.0,79846.0,77754.0,8317800.0,78990.0
^BVSP,2020-04-16,78837.0,77812.0,80167.0,77452.0,9028400.0,77812.0
^BVSP,2020-04-15,79911.0,78831.0,80035.0,77546.0,9758400.0,78831.0
^BVSP,2020-04-14,78848.0,79918.0,81668.0,78848.0,8593600.0,79918.0
^BVSP,2020-04-13,77682.0,78836.0,78836.0,76405.0,7651300.0,78836.0
^BVSP,2020-04-09,78640.0,77682.0,80428.0,77457.0,10748700.0,77682.0
^BVSP,2020-04-08,76335.0,78625.0,79058.0,76115.0,10206300.0,78625.0
^BVSP,2020-04-07,74078.0,76358.0,79855.0,74078.0,11286500.0,76358.0
^BVSP,2020-04-06,69556.0,74073.0,75260.0,69556.0,9685400.0,74073.0
^BVSP,2020-04-03,72241.0,69538.0,72241.0,67802.0,10411300.0,69538.0
^BVSP,2020-04-02,70969.0,72253.0,73861.0,70957.0,10540200.0,72253.0
^BVSP,2020-04-01,73011.0,70967.0,73011.0,69569.0,10093500.0,70967.0
^BVSP,2020-03-31,74629.0,73020.0,75511.0,72385.0,11141500.0,73020.0
^BVSP,2020-03-30,73431.0,74640.0,75430.0,73184.0,9032200.0,74640.0
^BVSP,2020-03-27,77708.0,73429.0,77708.0,73057.0,10301400.0,73429.0
^BVSP,2020-03-26,74956.0,77710.0,78846.0,74923.0,12758000.0,77710.0
^BVSP,2020-03-25,69727.0,74956.0,76714.0,69360.0,12951100.0,74956.0
^BVSP,2020-03-24,63604.0,69729.0,71535.0,63604.0,11679900.0,69729.0
^BVSP,2020-03-23,67067.0,63570.0,67604.0,62161.0,11962200.0,63570.0
^BVSP,2020-03-20,68344.0,67069.0,72247.0,66120.0,15152400.0,67069.0
^BVSP,2020-03-19,66883.0,68332.0,70071.0,61691.0,16144700.0,68332.0
^BVSP,2020-03-18,74576.0,66895.0,74576.0,63547.0,16751500.0,66895.0
^BVSP,2020-03-17,71178.0,74617.0,77255.0,70783.0,14945900.0,74617.0
^BVSP,2020-03-16,82565.0,71168.0,82565.0,70855.0,12847800.0,71168.0
^BVSP,2020-03-13,72621.0,82678.0,83758.0,72621.0,15766300.0,82678.0
^BVSP,2020-03-12,85103.0,72583.0,85103.0,68488.0,12008700.0,72583.0
^BVSP,2020-03-11,92202.0,85171.0,92202.0,80796.0,11786900.0,85171.0
^BVSP,2020-03-10,86071.0,92214.0,92230.0,86071.0,13531700.0,92214.0
^BVSP,2020-03-09,97982.0,86067.0,97982.0,85880.0,14645500.0,86067.0
^BVSP,2020-03-06,102231.0,97997.0,102231.0,96886.0,11864200.0,97997.0
^BVSP,2020-03-05,107217.0,102233.0,107217.0,100536.0,8598600.0,102233.0
^BVSP,2020-03-04,105540.0,107224.0,107809.0,105042.0,8410500.0,107224.0
^BVSP,2020-03-03,106630.0,105537.0,108804.0,104405.0,9385600.0,105537.0
^BVSP,2020-03-02,104260.0,106625.0,107220.0,103779.0,8858400.0,106625.0
^BVSP,2020-02-28,102984.0,104172.0,104172.0,99951.0,11228400.0,104172.0
^BVSP,2020-02-27,105711.0,102984.0,106656.0,102984.0,11237700.0,102984.0
^BVSP,2020-02-21,114585.0,113681.0,114585.0,112661.0,5896200.0,113681.0
^BVSP,2020-02-20,116518.0,114586.0,116552.0,114379.0,6793000.0,114586.0
^BVSP,2020-02-19,114982.0,116518.0,116545.0,114774.0,6334100.0,116518.0
^BVSP,2020-02-18,115309.0,114977.0,115309.0,113532.0,5548400.0,114977.0
^BVSP,2020-02-17,114381.0,115309.0,115696.0,114381.0,0.0,115309.0
^BVSP,2020-02-14,115663.0,114381.0,115663.0,114132.0,5335900.0,114381.0
^BVSP,2020-02-13,116660.0,115662.0,116660.0,114801.0,5635700.0,115662.0
^BVSP,2020-02-12,115371.0,116674.0,117581.0,115371.0,8159200.0,116674.0
^BVSP,2020-02-11,112574.0,115371.0,115576.0,112574.0,6767900.0,115371.0
^BVSP,2020-02-10,113771.0,112570.0,114176.0,112134.0,7486300.0,112570.0
^BVSP,2020-02-07,115190.0,113770.0,115190.0,113769.0,6594100.0,113770.0
^BVSP,2020-02-06,116033.0,115190.0,117382.0,114723.0,7382400.0,115190.0
^BVSP,2020-02-05,115563.0,116028.0,117701.0,115562.0,7173800.0,116028.0
^BVSP,2020-02-04,114631.0,115557.0,116556.0,114631.0,5829400.0,115557.0
^BVSP,2020-02-03,113761.0,114629.0,115299.0,113467.0,5512200.0,114629.0
^BVSP,2020-01-31,115518.0,113761.0,115518.0,113148.0,6219900.0,113761.0
^BVSP,2020-01-30,115375.0,115528.0,115528.0,112825.0,6315600.0,115528.0
^BVSP,2020-01-29,116494.0,115385.0,117171.0,115164.0,5097800.0,115385.0
^BVSP,2020-01-28,114482.0,116479.0,116797.0,114475.0,5229400.0,116479.0
^BVSP,2020-01-27,118347.0,114482.0,118347.0,114376.0,6097800.0,114482.0
^BVSP,2020-01-24,119528.0,118376.0,119593.0,118108.0,4778700.0,118376.0
^BVSP,2020-01-23,118391.0,119528.0,119535.0,116906.0,6572400.0,119528.0
^BVSP,2020-01-22,117035.0,118391.0,118401.0,117035.0,5765700.0,118391.0
^BVSP,2020-01-21,118861.0,117026.0,118861.0,117026.0,5085600.0,117026.0
^BVSP,2020-01-20,118478.0,118862.0,118862.0,117928.0,3843500.0,118862.0
^BVSP,2020-01-17,116710.0,118478.0,118479.0,116710.0,4947200.0,118478.0
^BVSP,2020-01-16,116415.0,116704.0,117106.0,115961.0,5422700.0,116704.0
^BVSP,2020-01-15,117632.0,116414.0,117632.0,116188.0,5569400.0,116414.0
^BVSP,2020-01-14,117325.0,117632.0,117705.0,116610.0,5361700.0,117632.0
^BVSP,2020-01-13,115503.0,117325.0,117333.0,115503.0,5685100.0,117325.0
^BVSP,2020-01-10,115948.0,115503.0,116745.0,114952.0,4783400.0,115503.0
^BVSP,2020-01-09,116248.0,115947.0,116820.0,115411.0,5953500.0,115947.0
^BVSP,2020-01-08,116667.0,116247.0,117335.0,115693.0,5910500.0,116247.0
^BVSP,2020-01-07,116872.0,116662.0,117076.0,115965.0,4854100.0,116662.0
^BVSP,2020-01-06,117707.0,116878.0,117707.0,116269.0,6570000.0,116878.0
^BVSP,2020-01-03,118564.0,117707.0,118792.0,117341.0,6834500.0,117707.0
^BVSP,2020-01-02,115652.0,118573.0,118573.0,115649.0,5162700.0,118573.0
^BVSP,2019-12-30,116530.0,115964.0,117086.0,115790.0,3667900.0,115964.0
^BVSP,2019-12-27,117205.0,116534.0,117803.0,115995.0,3905900.0,116534.0
^BVSP,2019-12-26,115864.0,117203.0,117220.0,115673.0,3788900.0,117203.0
^BVSP,2019-12-23,115119.0,115863.0,115863.0,114964.0,3995200.0,115863.0
^BVSP,2019-12-20,115133.0,115121.0,115171.0,114526.0,6887400.0,115121.0
^BVSP,2019-12-19,114313.0,115131.0,115132.0,113712.0,5784600.0,115131.0
^BVSP,2019-12-18,112618.0,114315.0,114339.0,112300.0,7940900.0,114315.0
^BVSP,2019-12-17,111897.0,112616.0,112695.0,111897.0,5352500.0,112616.0
^BVSP,2019-12-16,112565.0,111896.0,113197.0,111896.0,6078300.0,111896.0
^BVSP,2019-12-13,112205.0,112565.0,112829.0,111780.0,7712100.0,112565.0
^BVSP,2019-12-12,110963.0,112200.0,112445.0,110963.0,5682000.0,112200.0
^BVSP,2019-12-11,110672.0,110964.0,111227.0,110530.0,5146100.0,110964.0
^BVSP,2019-12-10,110973.0,110672.0,111184.0,110133.0,4758800.0,110672.0
^BVSP,2019-12-09,111125.0,110977.0,111453.0,110870.0,4991500.0,110977.0
^BVSP,2019-12-06,110623.0,111126.0,111430.0,110623.0,4968100.0,111126.0
^BVSP,2019-12-05,110297.0,110622.0,111073.0,110008.0,4399100.0,110622.0
^BVSP,2019-12-04,108962.0,110301.0,110301.0,108962.0,4889500.0,110301.0
^BVSP,2019-12-03,108931.0,108956.0,109198.0,108190.0,5223100.0,108956.0
^BVSP,2019-12-02,108246.0,109061.0,109279.0,108245.0,4708000.0,109061.0
^BVSP,2019-11-29,108283.0,108233.0,108708.0,107759.0,4186600.0,108233.0
^BVSP,2019-11-28,107708.0,108290.0,108333.0,107148.0,3666100.0,108290.0
^BVSP,2019-11-27,107059.0,107708.0,107991.0,106312.0,4418200.0,107708.0
^BVSP,2019-11-26,108424.0,107059.0,108424.0,106414.0,6904900.0,107059.0
^BVSP,2019-11-25,108692.0,108424.0,108915.0,108080.0,4512400.0,108424.0
^BVSP,2019-11-22,107497.0,108692.0,108692.0,107157.0,4796100.0,108692.0
^BVSP,2019-11-21,105866.0,107497.0,107497.0,105864.0,5819400.0,107497.0
^BVSP,2019-11-19,106269.0,105618.0,106950.0,105367.0,3610300.0,105618.0
^BVSP,2019-11-18,106566.0,106347.0,107519.0,106282.0,4919800.0,106347.0
^BVSP,2019-11-14,106052.0,106557.0,106758.0,105820.0,5364300.0,106557.0
^BVSP,2019-11-13,106751.0,105914.0,106786.0,105261.0,5339000.0,105914.0
^BVSP,2019-11-12,108368.0,106785.0,108368.0,106232.0,5219300.0,106785.0
^BVSP,2019-11-11,107622.0,108215.0,108263.0,106814.0,3928900.0,108215.0
^BVSP,2019-11-08,109572.0,107629.0,109572.0,107127.0,5419600.0,107629.0
^BVSP,2019-11-07,108360.0,109581.0,109672.0,108360.0,6075600.0,109581.0
^BVSP,2019-11-06,108719.0,108336.0,109633.0,107446.0,5505500.0,108336.0
^BVSP,2019-11-05,108779.0,108451.0,109343.0,108253.0,5657600.0,108451.0
^BVSP,2019-11-04,108196.0,108601.0,109352.0,108196.0,5182200.0,108601.0
^BVSP,2019-11-01,107221.0,108196.0,108496.0,107220.0,5466300.0,108196.0
^BVSP,2019-10-31,108403.0,107220.0,108403.0,106356.0,5376000.0,107220.0
^BVSP,2019-10-30,107557.0,108408.0,108408.0,106622.0,5450600.0,108408.0
^BVSP,2019-10-29,108189.0,107556.0,108195.0,107313.0,4313200.0,107556.0
^BVSP,2019-10-28,107366.0,108187.0,108393.0,107362.0,3967200.0,108187.0
^BVSP,2019-10-25,106990.0,107364.0,108083.0,106990.0,5398900.0,107364.0
^BVSP,2019-10-24,107553.0,106986.0,107744.0,106593.0,5619200.0,106986.0
^BVSP,2019-10-23,107381.0,107544.0,107959.0,107041.0,4656200.0,107544.0
^BVSP,2019-10-22,107101.0,107381.0,107382.0,107076.0,5224900.0,107381.0
^BVSP,2019-10-21,104729.0,106022.0,106027.0,104696.0,3504900.0,106022.0
^BVSP,2019-10-18,105012.0,104729.0,105464.0,104525.0,4478100.0,104729.0
^BVSP,2019-10-17,105389.0,105016.0,105891.0,104827.0,4189000.0,105016.0
^BVSP,2019-10-16,104486.0,105423.0,105462.0,103521.0,4509400.0,105423.0
^BVSP,2019-10-15,104299.0,104490.0,105048.0,104052.0,4093400.0,104490.0
^BVSP,2019-10-14,103834.0,104302.0,104305.0,103438.0,2987900.0,104302.0
^BVSP,2019-10-11,101819.0,103832.0,104381.0,101819.0,4351800.0,103832.0
^BVSP,2019-10-10,101244.0,101817.0,102483.0,101152.0,4373100.0,101817.0
^BVSP,2019-10-09,100005.0,101249.0,101567.0,100005.0,3939000.0,101249.0
^BVSP,2019-10-08,100565.0,99981.0,101296.0,99868.0,4342700.0,99981.0
^BVSP,2019-10-07,102546.0,100573.0,102546.0,100542.0,3938300.0,100573.0
^BVSP,2019-10-04,101516.0,102551.0,102580.0,101057.0,4649400.0,102551.0
^BVSP,2019-10-03,101031.0,101516.0,101560.0,99826.0,4665600.0,101516.0
^BVSP,2019-10-02,104049.0,101031.0,104049.0,100944.0,5066200.0,101031.0
^BVSP,2019-10-01,104745.0,104053.0,105121.0,103837.0,4095700.0,104053.0
^BVSP,2019-09-30,105077.0,104745.0,105178.0,104638.0,3895800.0,104745.0
^BVSP,2019-09-27,105319.0,105078.0,105633.0,104506.0,3471200.0,105078.0
^BVSP,2019-09-26,104485.0,105319.0,105342.0,104337.0,4138700.0,105319.0
^BVSP,2019-09-25,103857.0,104481.0,104481.0,103034.0,4117500.0,104481.0
^BVSP,2019-09-24,104638.0,103876.0,104893.0,103504.0,3972200.0,103876.0
^BVSP,2019-09-23,104817.0,104638.0,104817.0,104020.0,6769100.0,104638.0
^BVSP,2019-09-20,104339.0,104817.0,105045.0,103914.0,6769100.0,104817.0
^BVSP,2019-09-19,104555.0,104339.0,106001.0,104286.0,4915800.0,104339.0
^BVSP,2019-09-18,104616.0,104532.0,104762.0,103684.0,3882100.0,104532.0
^BVSP,2019-09-17,103680.0,104617.0,104619.0,103079.0,4574900.0,104617.0
^BVSP,2019-09-16,103496.0,103680.0,104005.0,102782.0,6038700.0,103680.0
^BVSP,2019-09-13,104371.0,103501.0,104699.0,103275.0,4039400.0,103501.0
^BVSP,2019-09-12,104389.0,104371.0,104618.0,103733.0,4962500.0,104371.0
^BVSP,2019-09-11,103036.0,103446.0,104156.0,103036.0,4877000.0,103446.0
^BVSP,2019-09-10,103180.0,103032.0,103503.0,102231.0,5478900.0,103032.0
^BVSP,2019-09-09,102937.0,103181.0,104260.0,102793.0,5516800.0,103181.0
^BVSP,2019-09-06,102247.0,102935.0,103182.0,102246.0,3976000.0,102935.0
^BVSP,2019-09-05,101204.0,102243.0,103258.0,101204.0,4814300.0,102243.0
^BVSP,2019-09-04,99706.0,101201.0,101201.0,99706.0,4310700.0,101201.0
^BVSP,2019-09-03,100626.0,99681.0,101417.0,99406.0,0.0,99681.0
^BVSP,2019-09-02,101133.0,100626.0,101611.0,100626.0,2685400.0,100626.0
^BVSP,2019-08-30,100526.0,101135.0,101551.0,100526.0,6109600.0,101135.0
^BVSP,2019-08-29,98194.0,100524.0,100684.0,98194.0,5163300.0,100524.0
^BVSP,2019-08-28,97273.0,98194.0,98346.0,96557.0,4350800.0,98194.0
^BVSP,2019-08-27,96434.0,97276.0,97951.0,95855.0,6581700.0,97276.0
^BVSP,2019-08-26,97687.0,96430.0,98436.0,95961.0,4136800.0,96430.0
^BVSP,2019-08-23,100007.0,97667.0,100025.0,97085.0,5668800.0,97667.0
^BVSP,2019-08-22,101209.0,100011.0,101469.0,100011.0,4495500.0,100011.0
^BVSP,2019-08-21,99227.0,101202.0,101240.0,99221.0,5969700.0,101202.0
^BVSP,2019-08-20,99472.0,99222.0,99665.0,98002.0,5235200.0,99222.0
^BVSP,2019-08-19,99810.0,99469.0,100948.0,98908.0,4924000.0,99469.0
^BVSP,2019-08-16,99059.0,99806.0,100567.0,99059.0,5483400.0,99806.0
^BVSP,2019-08-15,100262.0,99057.0,101014.0,98200.0,6585300.0,99057.0
^BVSP,2019-08-14,103270.0,100258.0,103270.0,99955.0,6485200.0,100258.0
^BVSP,2019-08-13,101912.0,103299.0,103778.0,101414.0,5198900.0,103299.0
^BVSP,2019-08-12,103946.0,101915.0,103946.0,101621.0,4509700.0,101915.0
^BVSP,2019-08-09,104102.0,103996.0,104848.0,103547.0,4549300.0,103996.0
^BVSP,2019-08-08,102811.0,104115.0,104282.0,102811.0,5538300.0,104115.0
^BVSP,2019-08-07,102163.0,102782.0,102784.0,100476.0,5570600.0,102782.0
^BVSP,2019-08-06,100098.0,102164.0,102178.0,100098.0,5074800.0,102164.0
^BVSP,2019-08-05,102658.0,100098.0,102658.0,99630.0,5000400.0,100098.0
^BVSP,2019-08-02,102122.0,102674.0,103180.0,101667.0,4923500.0,102674.0
^BVSP,2019-08-01,101819.0,102126.0,104056.0,101819.0,7129100.0,102126.0
^BVSP,2019-07-31,102946.0,101812.0,103129.0,100950.0,5072900.0,101812.0
^BVSP,2019-07-30,103483.0,102933.0,103555.0,102596.0,4060500.0,102933.0
^BVSP,2019-07-29,102817.0,103483.0,103483.0,102461.0,3559900.0,103483.0
^BVSP,2019-07-26,102654.0,102819.0,103209.0,102196.0,5141400.0,102819.0
^BVSP,2019-07-25,102991.0,102655.0,103464.0,102390.0,5804700.0,102655.0
^BVSP,2019-07-24,103707.0,104120.0,104570.0,103707.0,4872700.0,104120.0
^BVSP,2019-07-23,103949.0,103704.0,104430.0,103518.0,4050300.0,103704.0
^BVSP,2019-07-22,103452.0,103949.0,104278.0,103452.0,3464400.0,103949.0
^BVSP,2019-07-19,104716.0,103452.0,104723.0,103388.0,3484400.0,103452.0
^BVSP,2019-07-18,103859.0,104717.0,104773.0,103859.0,4410900.0,104717.0
^BVSP,2019-07-17,103775.0,103856.0,104453.0,103712.0,3818300.0,103856.0
^BVSP,2019-07-16,103805.0,103775.0,104440.0,103361.0,4475800.0,103775.0
^BVSP,2019-07-15,103909.0,103803.0,104578.0,103495.0,3995500.0,103803.0
^BVSP,2019-07-12,105158.0,103906.0,105731.0,103903.0,4748000.0,103906.0
^BVSP,2019-07-11,105818.0,105146.0,105886.0,104814.0,4845300.0,105146.0
^BVSP,2019-07-10,104537.0,105817.0,106650.0,104537.0,6815700.0,105817.0
^BVSP,2019-07-08,104090.0,104530.0,104679.0,103988.0,3500300.0,104530.0
^BVSP,2019-07-05,103628.0,104089.0,104176.0,102622.0,4208400.0,104089.0
^BVSP,2019-07-04,102047.0,103636.0,104022.0,102047.0,3978700.0,103636.0
^BVSP,2019-07-03,100576.0,102043.0,102177.0,100451.0,4801200.0,102043.0
^BVSP,2019-07-02,101342.0,100605.0,101565.0,100073.0,4951600.0,100605.0
^BVSP,2019-07-01,100973.0,101340.0,102432.0,100973.0,411600.0,101340.0
^BVSP,2019-06-28,100726.0,100967.0,101563.0,100726.0,4079900.0,100967.0
^BVSP,2019-06-27,100689.0,100724.0,101025.0,99421.0,4154700.0,100724.0
^BVSP,2019-06-26,100095.0,100689.0,101126.0,100095.0,5013800.0,100689.0
^BVSP,2019-06-25,102061.0,100093.0,102061.0,99890.0,4469200.0,100093.0
^BVSP,2019-06-24,102018.0,102062.0,102617.0,101589.0,3559800.0,102062.0
^BVSP,2019-06-21,100305.0,102013.0,102100.0,100305.0,5490800.0,102013.0
^BVSP,2019-06-19,99403.0,100303.0,100327.0,98978.0,4411300.0,100303.0
^BVSP,2019-06-18,97633.0,99404.0,99412.0,97633.0,4524500.0,99404.0
^BVSP,2019-06-17,98038.0,97623.0,98439.0,97623.0,3926300.0,97623.0
^BVSP,2019-06-14,98776.0,98040.0,98981.0,97601.0,9184900.0,98040.0
^BVSP,2019-06-13,98321.0,98774.0,99364.0,98321.0,5594000.0,98774.0
^BVSP,2019-06-12,98960.0,98321.0,99240.0,97831.0,4948800.0,98321.0
^BVSP,2019-06-11,97467.0,98960.0,98985.0,97467.0,4922400.0,98960.0
^BVSP,2019-06-10,97828.0,97467.0,97856.0,96782.0,3584000.0,97467.0
^BVSP,2019-06-07,97205.0,97821.0,98326.0,97205.0,3718500.0,97821.0
^BVSP,2019-06-06,96002.0,97205.0,97462.0,96002.0,4054900.0,97205.0
^BVSP,2019-06-05,97381.0,95999.0,97686.0,95686.0,3769100.0,95999.0
^BVSP,2019-06-04,97020.0,97380.0,97723.0,96593.0,4293300.0,97380.0
^BVSP,2019-06-03,97036.0,97020.0,97757.0,96430.0,4547900.0,97020.0
^BVSP,2019-05-31,97420.0,97030.0,97992.0,96792.0,5089500.0,97030.0
^BVSP,2019-05-30,96566.0,97457.0,97939.0,96511.0,4398200.0,97457.0
^BVSP,2019-05-29,96389.0,96567.0,96986.0,95690.0,4559100.0,96567.0
^BVSP,2019-05-28,94863.0,96393.0,96552.0,94707.0,6383100.0,96393.0
^BVSP,2019-05-27,93626.0,94864.0,95444.0,93626.0,2544800.0,94864.0
^BVSP,2019-05-24,93912.0,93628.0,94900.0,93545.0,3484700.0,93628.0
^BVSP,2019-05-23,94360.0,93910.0,94547.0,93300.0,3787800.0,93910.0
^BVSP,2019-05-22,94485.0,94361.0,95212.0,93883.0,4232500.0,94361.0
^BVSP,2019-05-21,91946.0,94485.0,94573.0,91946.0,5397000.0,94485.0
^BVSP,2019-05-20,90006.0,91946.0,92117.0,89822.0,4620000.0,91946.0
^BVSP,2019-05-17,90023.0,89993.0,91321.0,89409.0,5342700.0,89993.0
^BVSP,2019-05-16,91622.0,90024.0,91622.0,89778.0,5570000.0,90024.0
^BVSP,2019-05-15,92088.0,91623.0,92088.0,90295.0,4791900.0,91623.0
^BVSP,2019-05-14,91736.0,92092.0,92529.0,91562.0,4045400.0,92092.0
^BVSP,2019-05-13,94252.0,91727.0,94252.0,91600.0,4662600.0,91727.0
^BVSP,2019-05-10,94809.0,94258.0,94848.0,93234.0,4097900.0,94258.0
^BVSP,2019-05-09,95597.0,94808.0,95597.0,93883.0,4152200.0,94808.0
^BVSP,2019-05-08,94389.0,95597.0,96312.0,94389.0,4916500.0,95597.0
^BVSP,2019-05-07,95009.0,94389.0,95009.0,92750.0,4907400.0,94389.0
^BVSP,2019-05-06,95992.0,95009.0,95992.0,94540.0,3216000.0,95009.0
^BVSP,2019-05-03,95521.0,96008.0,96315.0,95521.0,4014800.0,96008.0
^BVSP,2019-05-02,96339.0,95528.0,96339.0,95312.0,3863600.0,95528.0
^BVSP,2019-04-30,96191.0,96353.0,96707.0,95613.0,4228600.0,96353.0
^BVSP,2019-04-29,96254.0,96188.0,97123.0,96004.0,3225400.0,96188.0
^BVSP,2019-04-26,96552.0,96236.0,96563.0,95620.0,3767100.0,96236.0
^BVSP,2019-04-25,95027.0,96552.0,96552.0,94213.0,4878200.0,96552.0
^BVSP,2019-04-24,95923.0,95045.0,95923.0,94163.0,4658800.0,95045.0
^BVSP,2019-04-23,94590.0,95923.0,96315.0,94590.0,4309100.0,95923.0
^BVSP,2019-04-22,94578.0,94588.0,95038.0,93721.0,3176600.0,94588.0
^BVSP,2019-04-18,93285.0,94578.0,95140.0,93285.0,4933300.0,94578.0
^BVSP,2019-04-17,94337.0,93285.0,95042.0,92338.0,6458600.0,93285.0
^BVSP,2019-04-16,93082.0,94333.0,95062.0,92879.0,4581600.0,94333.0
^BVSP,2019-04-15,92875.0,93083.0,93723.0,92697.0,4629800.0,93083.0
^BVSP,2019-04-12,94747.0,92875.0,94768.0,92516.0,6712200.0,92875.0
^BVSP,2019-04-11,95954.0,94755.0,95954.0,94173.0,3530500.0,94755.0
^BVSP,2019-04-10,96292.0,95953.0,96902.0,95670.0,4574600.0,95953.0
^BVSP,2019-04-09,97366.0,96292.0,97366.0,95488.0,3733400.0,96292.0
^BVSP,2019-04-08,97110.0,97369.0,97610.0,96743.0,3430800.0,97369.0
^BVSP,2019-04-05,96319.0,97108.0,97493.0,96152.0,3689000.0,97108.0
^BVSP,2019-04-04,94503.0,96313.0,96394.0,94334.0,4086200.0,96313.0
^BVSP,2019-04-03,95392.0,94491.0,96442.0,94124.0,4308900.0,94491.0
^BVSP,2019-04-02,96062.0,95387.0,96690.0,94825.0,3713200.0,95387.0
^BVSP,2019-04-01,95423.0,96054.0,96752.0,95423.0,3753500.0,96054.0
^BVSP,2019-03-29,94402.0,95415.0,95863.0,94402.0,4674600.0,95415.0
^BVSP,2019-03-28,91901.0,94389.0,94854.0,91584.0,5192300.0,94389.0
^BVSP,2019-03-27,95297.0,91903.0,95297.0,91903.0,5726900.0,91903.0
^BVSP,2019-03-26,93668.0,95307.0,95525.0,93668.0,4660700.0,95307.0
^BVSP,2019-03-25,93735.0,93662.0,94384.0,93103.0,4508400.0,93662.0
^BVSP,2019-03-22,96725.0,93735.0,96725.0,93380.0,6001100.0,93735.0
^BVSP,2019-03-21,98041.0,96729.0,98046.0,95456.0,5321200.0,96729.0
^BVSP,2019-03-20,99588.0,98041.0,99708.0,97981.0,4633200.0,98041.0
^BVSP,2019-03-19,99991.0,99588.0,100439.0,99373.0,5231100.0,99588.0
^BVSP,2019-03-18,99141.0,99994.0,100038.0,99141.0,4204100.0,99994.0
^BVSP,2019-03-15,98605.0,99137.0,99393.0,98597.0,5136400.0,99137.0
^BVSP,2019-03-14,98905.0,98605.0,99036.0,97776.0,3584500.0,98605.0
^BVSP,2019-03-13,97831.0,98904.0,99267.0,97464.0,4812100.0,98904.0
^BVSP,2019-03-12,98038.0,97828.0,98150.0,97267.0,3832900.0,97828.0
^BVSP,2019-03-11,95384.0,98027.0,98027.0,95384.0,4251500.0,98027.0
^BVSP,2019-03-08,94340.0,95365.0,95476.0,93305.0,4054200.0,95365.0
^BVSP,2019-03-07,94216.0,94340.0,94532.0,93729.0,4104300.0,94340.0
^BVSP,2019-03-01,95584.0,94604.0,96113.0,94394.0,4054700.0,94604.0
^BVSP,2019-02-28,97307.0,95584.0,97528.0,95364.0,5365700.0,95584.0
^BVSP,2019-02-27,97603.0,97307.0,97782.0,96886.0,3873500.0,97307.0
^BVSP,2019-02-26,97242.0,97603.0,97904.0,97235.0,3555100.0,97603.0
^BVSP,2019-02-25,97881.0,97240.0,98190.0,97087.0,4360000.0,97240.0
^BVSP,2019-02-22,96929.0,97886.0,97887.0,96929.0,4426600.0,97886.0
^BVSP,2019-02-21,96546.0,96932.0,97231.0,95793.0,5814100.0,96932.0
^BVSP,2019-02-20,97661.0,96545.0,98544.0,96545.0,5906800.0,96545.0
^BVSP,2019-02-19,96513.0,97659.0,98185.0,96513.0,4830600.0,97659.0
^BVSP,2019-02-18,97527.0,96510.0,97527.0,96239.0,2837100.0,96510.0
^BVSP,2019-02-15,98015.0,97526.0,98238.0,97083.0,4586300.0,97526.0
^BVSP,2019-02-14,95843.0,98015.0,98019.0,94915.0,5222300.0,98015.0
^BVSP,2019-02-13,96169.0,95842.0,96804.0,95389.0,5814400.0,95842.0
^BVSP,2019-02-12,94420.0,96168.0,96571.0,94420.0,4915000.0,96168.0
^BVSP,2019-02-11,95351.0,94413.0,95499.0,93737.0,3767300.0,94413.0
^BVSP,2019-02-08,94401.0,95343.0,95486.0,93424.0,5302500.0,95343.0
^BVSP,2019-02-07,94654.0,94406.0,95642.0,93507.0,5612500.0,94406.0
^BVSP,2019-02-06,98308.0,94636.0,98308.0,94636.0,5458200.0,94636.0
^BVSP,2019-02-05,98587.0,98311.0,98587.0,97596.0,4773700.0,98311.0
^BVSP,2019-02-04,97861.0,98589.0,98589.0,96901.0,4278300.0,98589.0
^BVSP,2019-02-01,97395.0,97861.0,98044.0,96990.0,4301600.0,97861.0
^BVSP,2019-01-31,96996.0,97394.0,98405.0,96996.0,5976000.0,97394.0
^BVSP,2019-01-30,95643.0,96996.0,97107.0,95643.0,6164400.0,96996.0
^BVSP,2019-01-29,95508.0,95639.0,96751.0,95508.0,5262000.0,95639.0
^BVSP,2019-01-28,97674.0,95444.0,97937.0,94783.0,7185300.0,95444.0
^BVSP,2019-01-24,96558.0,97677.0,97677.0,96558.0,5019400.0,97677.0
^BVSP,2019-01-23,95116.0,96558.0,96576.0,95116.0,0.0,96558.0
^BVSP,2019-01-22,96008.0,95103.0,96070.0,94662.0,4256000.0,95103.0
^BVSP,2019-01-21,96093.0,96010.0,96093.0,94863.0,2717600.0,96010.0
^BVSP,2019-01-18,95386.0,96097.0,96396.0,95386.0,4884000.0,96097.0
^BVSP,2019-01-17,94393.0,95351.0,95682.0,93950.0,4944200.0,95351.0
^BVSP,2019-01-16,94057.0,94393.0,94393.0,93687.0,4257400.0,94393.0
^BVSP,2019-01-15,94474.0,94056.0,94695.0,93402.0,4836400.0,94056.0
^BVSP,2019-01-14,93645.0,94474.0,94474.0,93335.0,4486900.0,94474.0
^BVSP,2019-01-11,93806.0,93658.0,93961.0,93359.0,5330500.0,93658.0
^BVSP,2019-01-10,93599.0,93806.0,93987.0,93050.0,4840600.0,93806.0
^BVSP,2019-01-09,92033.0,93613.0,93626.0,92028.0,5011400.0,93613.0
^BVSP,2019-01-08,91699.0,92032.0,92231.0,91064.0,4496500.0,92032.0
^BVSP,2019-01-07,91845.0,91699.0,92552.0,91288.0,4565000.0,91699.0
^BVSP,2019-01-04,91577.0,91841.0,92701.0,90824.0,5322100.0,91841.0
^BVSP,2019-01-03,91011.0,91564.0,91596.0,89922.0,6066200.0,91564.0
^BVSP,2019-01-02,87887.0,91012.0,91479.0,87536.0,5615400.0,91012.0
^BVSP,2018-12-28,85469.0,87887.0,88044.0,85469.0,3649100.0,87887.0
^BVSP,2018-12-27,85141.0,85460.0,85739.0,84876.0,3820900.0,85460.0
^BVSP,2018-12-26,85684.0,85136.0,85684.0,83892.0,3355100.0,85136.0
^BVSP,2018-12-21,85269.0,85697.0,86554.0,85134.0,6076200.0,85697.0
^BVSP,2018-12-20,85678.0,85269.0,86584.0,84756.0,6100500.0,85269.0
^BVSP,2018-12-19,86617.0,85674.0,88101.0,85674.0,5664200.0,85674.0
^BVSP,2018-12-18,86400.0,86610.0,87274.0,86400.0,4093500.0,86610.0
^BVSP,2018-12-17,87448.0,86400.0,87820.0,86328.0,3849300.0,86400.0
^BVSP,2018-12-14,87838.0,87450.0,88184.0,87106.0,3553300.0,87450.0
^BVSP,2018-12-13,86979.0,87838.0,87842.0,86856.0,3658600.0,87838.0
^BVSP,2018-12-12,86420.0,86977.0,87946.0,86420.0,5000500.0,86977.0
^BVSP,2018-12-11,85918.0,86420.0,87520.0,85583.0,4390100.0,86420.0
^BVSP,2018-12-10,88115.0,85915.0,88384.0,85915.0,4084400.0,85915.0
^BVSP,2018-12-07,88849.0,88115.0,89986.0,87907.0,4479100.0,88115.0
^BVSP,2018-12-06,88933.0,88846.0,88933.0,87025.0,4370100.0,88846.0
^BVSP,2018-12-05,88644.0,89040.0,89111.0,88449.0,2790000.0,89040.0
^BVSP,2018-12-04,89820.0,88624.0,90452.0,88041.0,4879700.0,88624.0
^BVSP,2018-12-03,89511.0,89820.0,91242.0,89429.0,5935600.0,89820.0
^BVSP,2018-11-30,89709.0,89504.0,90246.0,89258.0,6736700.0,89504.0
^BVSP,2018-11-29,89145.0,89710.0,89910.0,88475.0,4257400.0,89710.0
^BVSP,2018-11-28,87891.0,89251.0,89483.0,87153.0,5295600.0,89251.0
^BVSP,2018-11-27,85547.0,87891.0,88018.0,85377.0,4971300.0,87891.0
^BVSP,2018-11-26,86237.0,85547.0,87147.0,84905.0,4557300.0,85547.0
^BVSP,2018-11-23,87479.0,86230.0,87479.0,85763.0,4148700.0,86230.0
^BVSP,2018-11-22,87269.0,87477.0,87656.0,87222.0,2244500.0,87477.0
^BVSP,2018-11-21,87896.0,87269.0,87896.0,86254.0,4140600.0,87269.0
^BVSP,2018-11-19,88472.0,87901.0,88484.0,87047.0,3642100.0,87901.0
^BVSP,2018-11-16,85975.0,88515.0,88516.0,85975.0,5184200.0,88515.0
^BVSP,2018-11-14,84898.0,85973.0,85973.0,84267.0,5591600.0,85973.0
^BVSP,2018-11-13,85531.0,84914.0,85941.0,84071.0,4410700.0,84914.0
^BVSP,2018-11-12,85644.0,85525.0,86227.0,85009.0,3534000.0,85525.0
^BVSP,2018-11-09,85620.0,85641.0,86233.0,84030.0,4814400.0,85641.0
^BVSP,2018-11-08,87719.0,85620.0,88570.0,85620.0,5297700.0,85620.0
^BVSP,2018-11-07,88676.0,87714.0,89565.0,87541.0,4371300.0,87714.0
^BVSP,2018-11-06,89587.0,88669.0,89587.0,88066.0,0.0,88669.0
^BVSP,2018-11-05,88418.0,89598.0,89598.0,88347.0,4620800.0,89598.0
^BVSP,2018-11-01,87428.0,88419.0,89017.0,87094.0,5878400.0,88419.0
^BVSP,2018-10-31,86889.0,87424.0,88028.0,86213.0,5889800.0,87424.0
^BVSP,2018-10-30,83802.0,86886.0,86990.0,83802.0,6556900.0,86886.0
^BVSP,2018-10-29,85728.0,83797.0,88377.0,82783.0,7733900.0,83797.0
^BVSP,2018-10-26,84084.0,85720.0,85720.0,83497.0,6471500.0,85720.0
^BVSP,2018-10-25,83124.0,84084.0,84831.0,83124.0,0.0,84084.0
^BVSP,2018-10-24,85302.0,83064.0,85786.0,83035.0,4679200.0,83064.0
^BVSP,2018-10-23,85595.0,85300.0,85595.0,84032.0,4388100.0,85300.0
^BVSP,2018-10-22,84222.0,85597.0,85772.0,84222.0,3873700.0,85597.0
^BVSP,2018-10-19,83845.0,84220.0,84954.0,83667.0,3753500.0,84220.0
^BVSP,2018-10-18,85760.0,83847.0,85760.0,83846.0,4085300.0,83847.0
^BVSP,2018-10-17,85714.0,85764.0,86167.0,84944.0,4858600.0,85764.0
^BVSP,2018-10-16,83420.0,85718.0,85718.0,83420.0,4811300.0,85718.0
^BVSP,2018-10-15,82922.0,83360.0,84278.0,82922.0,4782900.0,83360.0
^BVSP,2018-10-11,83700.0,82921.0,84749.0,82607.0,5188700.0,82921.0
^BVSP,2018-10-10,86084.0,83679.0,86085.0,83679.0,0.0,83679.0
^BVSP,2018-10-09,86053.0,86088.0,86573.0,85433.0,6461000.0,86088.0
^BVSP,2018-10-08,82324.0,86084.0,87333.0,82324.0,9999000.0,86084.0
^BVSP,2018-10-05,82972.0,82322.0,83805.0,82030.0,5394800.0,82322.0
^BVSP,2018-10-04,83275.0,82953.0,83430.0,81892.0,4935600.0,82953.0
^BVSP,2018-10-03,81624.0,83273.0,85442.0,81623.0,7618600.0,83273.0
^BVSP,2018-10-02,78625.0,81612.0,81778.0,78625.0,5929900.0,81612.0
^BVSP,2018-10-01,79350.0,78624.0,79557.0,78091.0,3134400.0,78624.0
^BVSP,2018-09-28,80000.0,79342.0,80000.0,78967.0,4061400.0,79342.0
^BVSP,2018-09-27,78676.0,80000.0,80107.0,78676.0,4475000.0,80000.0
^BVSP,2018-09-26,78634.0,78656.0,79461.0,78530.0,3735300.0,78656.0
^BVSP,2018-09-25,77980.0,78630.0,78688.0,77005.0,3700400.0,78630.0
^BVSP,2018-09-24,79447.0,77984.0,79447.0,77857.0,0.0,77984.0
^BVSP,2018-09-21,78116.0,79444.0,80002.0,78116.0,4666800.0,79444.0
^BVSP,2018-09-20,78169.0,78116.0,78944.0,77820.0,3137600.0,78116.0
^BVSP,2018-09-19,78268.0,78169.0,79021.0,77624.0,3780800.0,78169.0
^BVSP,2018-09-18,76781.0,78314.0,78454.0,76677.0,4167000.0,78314.0
^BVSP,2018-09-17,75428.0,76789.0,76893.0,75227.0,3397600.0,76789.0
^BVSP,2018-09-14,74687.0,75429.0,75705.0,74445.0,3231700.0,75429.0
^BVSP,2018-09-13,75126.0,74687.0,75407.0,74501.0,3062100.0,74687.0
^BVSP,2018-09-12,74680.0,75125.0,75680.0,74499.0,3709100.0,75125.0
^BVSP,2018-09-11,76437.0,74657.0,76437.0,74275.0,0.0,74657.0
^BVSP,2018-09-10,76416.0,76436.0,77293.0,76115.0,3105200.0,76436.0
^BVSP,2018-09-06,75098.0,76416.0,76533.0,74986.0,3298500.0,76416.0
^BVSP,2018-09-05,74712.0,75092.0,75370.0,74276.0,2830400.0,75092.0
^BVSP,2018-09-04,76192.0,74712.0,76192.0,74605.0,3162300.0,74712.0
^BVSP,2018-09-03,76675.0,76193.0,76675.0,75729.0,1673300.0,76193.0
^BVSP,2018-08-31,76386.0,76678.0,77202.0,76026.0,4145600.0,76678.0
^BVSP,2018-08-30,78389.0,76404.0,78389.0,76372.0,3546800.0,76404.0
^BVSP,2018-08-29,77472.0,78389.0,78783.0,77399.0,3127600.0,78389.0
^BVSP,2018-08-28,77928.0,77473.0,78038.0,77149.0,2964800.0,77473.0
^BVSP,2018-08-27,76264.0,77930.0,78008.0,76264.0,2750600.0,77930.0
^BVSP,2018-08-24,75647.0,76262.0,76629.0,75647.0,3159900.0,76262.0
^BVSP,2018-08-23,76898.0,75634.0,77232.0,75466.0,3866700.0,75634.0
^BVSP,2018-08-22,75171.0,76902.0,76904.0,74876.0,3610400.0,76902.0
^BVSP,2018-08-21,76327.0,75180.0,76340.0,74915.0,4077000.0,75180.0
^BVSP,2018-08-20,76029.0,76328.0,76497.0,75608.0,3578100.0,76328.0
^BVSP,2018-08-17,76817.0,76029.0,76817.0,75633.0,3742300.0,76029.0
^BVSP,2018-08-16,77085.0,76819.0,77704.0,76381.0,3285400.0,76819.0
^BVSP,2018-08-15,78614.0,77078.0,78618.0,76829.0,4386400.0,77078.0
^BVSP,2018-08-14,77499.0,78602.0,78742.0,77499.0,3713000.0,78602.0
^BVSP,2018-08-13,76513.0,77496.0,77689.0,75931.0,3958200.0,77496.0
^BVSP,2018-08-10,78766.0,76514.0,78766.0,76043.0,0.0,76514.0
^BVSP,2018-08-09,79171.0,78768.0,79461.0,78156.0,3717400.0,78768.0
^BVSP,2018-08-08,80347.0,79152.0,80912.0,78966.0,3833800.0,79152.0
^BVSP,2018-08-07,81093.0,80347.0,81742.0,79923.0,3861200.0,80347.0
^BVSP,2018-08-06,81445.0,81051.0,81765.0,80965.0,2516600.0,81051.0
^BVSP,2018-08-03,79656.0,81435.0,81792.0,79656.0,3802600.0,81435.0
^BVSP,2018-08-02,79237.0,79637.0,79896.0,78573.0,3005500.0,79637.0
^BVSP,2018-08-01,79213.0,79302.0,79731.0,78769.0,3227100.0,79302.0
^BVSP,2018-07-31,80279.0,79220.0,80279.0,79016.0,3354500.0,79220.0
^BVSP,2018-07-30,79866.0,80276.0,80492.0,79699.0,2631400.0,80276.0
^BVSP,2018-07-27,79405.0,79866.0,80251.0,79405.0,3015600.0,79866.0
^BVSP,2018-07-26,80242.0,79405.0,80589.0,79081.0,3596500.0,79405.0
^BVSP,2018-07-25,79154.0,80218.0,80437.0,79154.0,3472700.0,80218.0
^BVSP,2018-07-24,78005.0,79155.0,79497.0,78005.0,3283200.0,79155.0
^BVSP,2018-07-23,78571.0,77996.0,78639.0,77871.0,2446800.0,77996.0
^BVSP,2018-07-20,77500.0,78571.0,79489.0,77500.0,4745200.0,78571.0
^BVSP,2018-07-19,77360.0,77487.0,77487.0,75890.0,3781100.0,77487.0
^BVSP,2018-07-18,78124.0,77363.0,78496.0,77164.0,3394300.0,77363.0
^BVSP,2018-07-17,76653.0,78130.0,78522.0,76482.0,3882900.0,78130.0
^BVSP,2018-07-16,76587.0,76653.0,76924.0,76129.0,3134700.0,76653.0
^BVSP,2018-07-13,75856.0,76594.0,76682.0,75554.0,0.0,76594.0
^BVSP,2018-07-12,74403.0,75856.0,75898.0,74403.0,3508500.0,75856.0
^BVSP,2018-07-11,74862.0,74399.0,75025.0,74196.0,3766800.0,74399.0
^BVSP,2018-07-10,75015.0,74862.0,75895.0,74431.0,3901000.0,74862.0
^BVSP,2018-07-06,74558.0,75010.0,75065.0,74048.0,0.0,75010.0
^BVSP,2018-07-05,74751.0,74553.0,75127.0,73756.0,3562800.0,74553.0
^BVSP,2018-07-04,73667.0,74743.0,74904.0,73450.0,2142100.0,74743.0
^BVSP,2018-07-03,72848.0,73668.0,74515.0,72848.0,3253800.0,73668.0
^BVSP,2018-07-02,72763.0,72840.0,72840.0,71935.0,2753900.0,72840.0
^BVSP,2018-06-29,71779.0,72763.0,73020.0,71779.0,3879400.0,72763.0
^BVSP,2018-06-28,70609.0,71767.0,72092.0,70439.0,3511400.0,71767.0
^BVSP,2018-06-27,71405.0,70609.0,72032.0,70134.0,3588900.0,70609.0
^BVSP,2018-06-26,70968.0,71405.0,71622.0,70203.0,3502300.0,71405.0
^BVSP,2018-06-25,70642.0,70953.0,71323.0,69779.0,3346300.0,70953.0
^BVSP,2018-06-22,70077.0,70641.0,71058.0,69907.0,3054700.0,70641.0
^BVSP,2018-06-21,72117.0,70075.0,72207.0,70019.0,3490800.0,70075.0
^BVSP,2018-06-20,71397.0,72123.0,72617.0,71155.0,4414600.0,72123.0
^BVSP,2018-06-19,69811.0,71394.0,72010.0,69069.0,5185300.0,71394.0
^BVSP,2018-06-18,70757.0,69815.0,70757.0,69360.0,3475200.0,69815.0
^BVSP,2018-06-15,71421.0,70758.0,71421.0,69583.0,6456800.0,70758.0
^BVSP,2018-06-14,72151.0,71421.0,72708.0,71344.0,4281600.0,71421.0
^BVSP,2018-06-13,72757.0,72122.0,72977.0,71035.0,4360200.0,72122.0
^BVSP,2018-06-12,72308.0,72754.0,73322.0,72124.0,3889600.0,72754.0
^BVSP,2018-06-11,72943.0,72308.0,73716.0,71843.0,3564300.0,72308.0
^BVSP,2018-06-08,73848.0,72942.0,74031.0,71679.0,5952400.0,72942.0
^BVSP,2018-06-07,76117.0,73851.0,76117.0,71162.0,7919200.0,73851.0
^BVSP,2018-06-06,76641.0,76117.0,76967.0,75518.0,4871700.0,76117.0
^BVSP,2018-06-05,78595.0,76642.0,78892.0,76412.0,4499800.0,76642.0
^BVSP,2018-06-04,77244.0,78596.0,78637.0,77244.0,4023100.0,78596.0
^BVSP,2018-06-01,76779.0,77240.0,78169.0,75524.0,6044400.0,77240.0
^BVSP,2018-05-30,76058.0,76754.0,77097.0,75515.0,7442100.0,76754.0
^BVSP,2018-05-29,75361.0,76072.0,77214.0,75361.0,5972300.0,76072.0
^BVSP,2018-05-28,78886.0,75356.0,78886.0,75337.0,4176200.0,75356.0
^BVSP,2018-05-25,80123.0,78898.0,80629.0,78622.0,4650100.0,78898.0
^BVSP,2018-05-24,80860.0,80122.0,80860.0,79027.0,6182200.0,80122.0
^BVSP,2018-05-23,82742.0,80867.0,82742.0,80867.0,3875500.0,80867.0
^BVSP,2018-05-22,81817.0,82739.0,83396.0,81613.0,4785500.0,82739.0
^BVSP,2018-05-21,83095.0,81815.0,83883.0,81576.0,4242200.0,81815.0
^BVSP,2018-05-18,83614.0,83082.0,83614.0,81391.0,5730200.0,83082.0
^BVSP,2018-05-17,86537.0,83622.0,86537.0,83377.0,5508600.0,83622.0
^BVSP,2018-05-16,85122.0,86537.0,86678.0,85044.0,3707000.0,86537.0
^BVSP,2018-05-15,85225.0,85130.0,85231.0,83830.0,4405100.0,85130.0
^BVSP,2018-05-14,85222.0,85232.0,86105.0,84688.0,4080700.0,85232.0
^BVSP,2018-05-11,85861.0,85220.0,86406.0,85183.0,4379700.0,85220.0
^BVSP,2018-05-10,84284.0,85861.0,86201.0,84284.0,4611100.0,85861.0
^BVSP,2018-05-09,82977.0,84265.0,84447.0,82855.0,4695400.0,84265.0
^BVSP,2018-05-08,82715.0,82956.0,83409.0,82201.0,3949500.0,82956.0
^BVSP,2018-05-07,83199.0,82714.0,83643.0,82602.0,2843000.0,82714.0
^BVSP,2018-05-04,83286.0,83118.0,83671.0,82746.0,3472900.0,83118.0
^BVSP,2018-05-03,84547.0,83288.0,84562.0,83178.0,3977800.0,83288.0
^BVSP,2018-05-02,86111.0,84547.0,86111.0,84383.0,3720600.0,84547.0
^BVSP,2018-04-30,86443.0,86115.0,86739.0,85979.0,2181000.0,86115.0
^BVSP,2018-04-27,86383.0,86445.0,87179.0,86262.0,0.0,86445.0
^BVSP,2018-04-26,85051.0,86383.0,86383.0,85051.0,3138000.0,86383.0
^BVSP,2018-04-25,85466.0,85044.0,85466.0,84349.0,3218400.0,85044.0
^BVSP,2018-04-24,85603.0,85469.0,86578.0,85106.0,2845000.0,85469.0
^BVSP,2018-04-23,85520.0,85602.0,85746.0,84711.0,2426000.0,85602.0
^BVSP,2018-04-20,85823.0,85550.0,85823.0,85025.0,2990100.0,85550.0
^BVSP,2018-04-19,85775.0,85824.0,86059.0,85197.0,3522500.0,85824.0
^BVSP,2018-04-18,84090.0,85776.0,86149.0,84090.0,4196900.0,85776.0
^BVSP,2018-04-17,82862.0,84086.0,84191.0,82810.0,2628600.0,84086.0
^BVSP,2018-04-16,84328.0,82862.0,84591.0,82762.0,2913400.0,82862.0
^BVSP,2018-04-13,85441.0,84334.0,85441.0,84144.0,3504200.0,84334.0
^BVSP,2018-04-12,85246.0,85444.0,85577.0,85025.0,2837000.0,85444.0
^BVSP,2018-04-11,84494.0,85246.0,85417.0,84340.0,3370600.0,85246.0
^BVSP,2018-04-10,83312.0,84510.0,84538.0,83312.0,3518700.0,84510.0
^BVSP,2018-04-09,84832.0,83307.0,85110.0,83155.0,3174800.0,83307.0
^BVSP,2018-04-06,85210.0,84820.0,85210.0,83833.0,3069100.0,84820.0
^BVSP,2018-04-05,84374.0,85210.0,86148.0,84374.0,4257700.0,85210.0
^BVSP,2018-04-04,84610.0,84360.0,84610.0,82826.0,2948300.0,84360.0
^BVSP,2018-04-03,84669.0,84623.0,85411.0,84210.0,2579000.0,84623.0
^BVSP,2018-04-02,85365.0,84666.0,85675.0,84166.0,2598500.0,84666.0
^BVSP,2018-03-29,83874.0,85366.0,85708.0,83874.0,3150300.0,85366.0
^BVSP,2018-03-28,83806.0,83874.0,83889.0,82889.0,2911400.0,83874.0
^BVSP,2018-03-27,85103.0,83808.0,85296.0,83542.0,2948400.0,83808.0
^BVSP,2018-03-26,84377.0,85088.0,85553.0,84357.0,2355600.0,85088.0
^BVSP,2018-03-23,84766.0,84377.0,85450.0,84042.0,3176900.0,84377.0
^BVSP,2018-03-22,84984.0,84768.0,85499.0,84197.0,3241700.0,84768.0
^BVSP,2018-03-21,84166.0,84977.0,85145.0,84080.0,3260900.0,84977.0
^BVSP,2018-03-20,83919.0,84164.0,84412.0,83682.0,2682000.0,84164.0
^BVSP,2018-03-19,84886.0,83913.0,84886.0,83678.0,3330600.0,83913.0
^BVSP,2018-03-16,84928.0,84886.0,85495.0,84525.0,5446200.0,84886.0
^BVSP,2018-03-15,86051.0,84928.0,86051.0,84720.0,3840100.0,84928.0
^BVSP,2018-03-14,86383.0,86051.0,86970.0,85691.0,2561000.0,86051.0
^BVSP,2018-03-13,86902.0,86384.0,87333.0,86119.0,2735800.0,86384.0
^BVSP,2018-03-12,86386.0,86900.0,87046.0,86386.0,2602900.0,86900.0
^BVSP,2018-03-09,84987.0,86371.0,86389.0,84749.0,3481500.0,86371.0
^BVSP,2018-03-08,85510.0,84985.0,85830.0,84491.0,3694700.0,84985.0
^BVSP,2018-03-07,85653.0,85484.0,85653.0,84397.0,3456800.0,85484.0
^BVSP,2018-03-06,86023.0,85653.0,86931.0,85653.0,3608600.0,85653.0
^BVSP,2018-03-05,85292.0,86023.0,86165.0,85053.0,3425200.0,86023.0
^BVSP,2018-03-02,85378.0,85761.0,85761.0,83897.0,3884300.0,85761.0
^BVSP,2018-03-01,85337.0,85378.0,86260.0,84640.0,4341300.0,85378.0
^BVSP,2018-02-28,86939.0,85481.0,87109.0,85431.0,5947100.0,85481.0
^BVSP,2018-02-27,87649.0,86935.0,87839.0,86613.0,3534700.0,86935.0
^BVSP,2018-02-26,87296.0,87653.0,88318.0,87242.0,4047100.0,87653.0
^BVSP,2018-02-23,86690.0,87293.0,87345.0,86138.0,4178600.0,87293.0
^BVSP,2018-02-22,86050.0,86686.0,87159.0,86050.0,3535700.0,86686.0
^BVSP,2018-02-21,85804.0,86052.0,87358.0,85804.0,4815500.0,86052.0
^BVSP,2018-02-20,84792.0,85804.0,86290.0,84261.0,4078100.0,85804.0
^BVSP,2018-02-19,84525.0,84793.0,84956.0,84525.0,2088900.0,84793.0
^BVSP,2018-02-16,84291.0,84525.0,84575.0,83824.0,3475800.0,84525.0
^BVSP,2018-02-15,83551.0,84291.0,84686.0,83551.0,3489300.0,84291.0
^BVSP,2018-02-09,81532.0,80899.0,81897.0,79690.0,4283400.0,80899.0
^BVSP,2018-02-08,82773.0,81533.0,83501.0,81109.0,4011400.0,81533.0
^BVSP,2018-02-07,83894.0,82767.0,84410.0,82548.0,3886000.0,82767.0
^BVSP,2018-02-06,81857.0,83894.0,84162.0,80804.0,5599100.0,83894.0
^BVSP,2018-02-05,84040.0,81861.0,84311.0,81861.0,3253600.0,81861.0
^BVSP,2018-02-02,85495.0,84041.0,85495.0,83831.0,3376900.0,84041.0
^BVSP,2018-02-01,84913.0,85495.0,86028.0,84833.0,4085300.0,85495.0
^BVSP,2018-01-31,84485.0,84913.0,86213.0,84484.0,4233500.0,84913.0
^BVSP,2018-01-30,84697.0,84482.0,84697.0,83804.0,3566000.0,84482.0
^BVSP,2018-01-29,85531.0,84698.0,85531.0,84341.0,3889600.0,84698.0
^BVSP,2018-01-26,83680.0,85531.0,85531.0,83680.0,5410600.0,85531.0
^BVSP,2018-01-24,80679.0,83680.0,83680.0,80679.0,5503700.0,83680.0
^BVSP,2018-01-23,81676.0,80678.0,81676.0,80524.0,3711200.0,80678.0
^BVSP,2018-01-22,81220.0,81675.0,81675.0,80923.0,2693000.0,81675.0
^BVSP,2018-01-19,80965.0,81220.0,81429.0,80854.0,3123200.0,81220.0
^BVSP,2018-01-18,81185.0,80963.0,81367.0,80498.0,3429600.0,80963.0
^BVSP,2018-01-17,79832.0,81189.0,81189.0,79828.0,3341200.0,81189.0
^BVSP,2018-01-16,79751.0,79832.0,80246.0,79668.0,2982500.0,79832.0
^BVSP,2018-01-15,79349.0,79752.0,79847.0,79349.0,1941000.0,79752.0
^BVSP,2018-01-12,79365.0,79349.0,79440.0,78861.0,3577800.0,79349.0
^BVSP,2018-01-11,78201.0,79365.0,79365.0,78201.0,3409400.0,79365.0
^BVSP,2018-01-10,78864.0,78201.0,78864.0,78164.0,2759900.0,78201.0
^BVSP,2018-01-09,79379.0,78864.0,79415.0,78699.0,3458600.0,78864.0
^BVSP,2018-01-08,79070.0,79379.0,79395.0,78631.0,2550800.0,79379.0
^BVSP,2018-01-05,78644.0,79071.0,79071.0,78218.0,2747100.0,79071.0
^BVSP,2018-01-04,77998.0,78647.0,79135.0,77998.0,3486100.0,78647.0
^BVSP,2018-01-03,77889.0,77995.0,78414.0,77602.0,3142200.0,77995.0
^BVSP,2018-01-02,76403.0,77891.0,77909.0,76403.0,2880300.0,77891.0
^BVSP,2017-12-29,76077.0,76402.0,76437.0,76077.0,0.0,76402.0
^BVSP,2017-12-28,76077.0,76402.0,76437.0,76077.0,2083000.0,76402.0
^BVSP,2017-12-27,75708.0,76073.0,76293.0,75708.0,1792200.0,76073.0
^BVSP,2017-12-26,75187.0,75688.0,75758.0,74924.0,1579700.0,75688.0
^BVSP,2017-12-22,75128.0,75187.0,75227.0,74623.0,1906900.0,75187.0
^BVSP,2017-12-21,73367.0,75133.0,75133.0,73265.0,3056400.0,75133.0
^BVSP,2017-12-20,72680.0,73367.0,73492.0,72680.0,2219600.0,73367.0
^BVSP,2017-12-19,73122.0,72680.0,73139.0,72347.0,2351600.0,72680.0
^BVSP,2017-12-18,72621.0,73115.0,73519.0,72621.0,3202900.0,73115.0
^BVSP,2017-12-15,72428.0,72608.0,73069.0,72277.0,4659500.0,72608.0
^BVSP,2017-12-14,72913.0,72429.0,72913.0,71969.0,3491800.0,72429.0
^BVSP,2017-12-13,73827.0,72914.0,74622.0,72569.0,4494700.0,72914.0
^BVSP,2017-12-12,72800.0,73814.0,73814.0,71798.0,2956100.0,73814.0
^BVSP,2017-12-11,72775.0,72800.0,73361.0,72498.0,2450200.0,72800.0
^BVSP,2017-12-08,72489.0,72732.0,73425.0,72489.0,3085600.0,72732.0
^BVSP,2017-12-07,73268.0,72487.0,73268.0,71356.0,3260800.0,72487.0
^BVSP,2017-12-06,72535.0,73268.0,73418.0,71906.0,3099300.0,73268.0
^BVSP,2017-12-05,73090.0,72546.0,74166.0,72319.0,2913300.0,72546.0
^BVSP,2017-12-04,72266.0,73090.0,73749.0,72266.0,3038600.0,73090.0
^BVSP,2017-12-01,71955.0,72264.0,72472.0,71488.0,3003100.0,72264.0
^BVSP,2017-11-30,72700.0,71971.0,72700.0,71215.0,5348800.0,71971.0
^BVSP,2017-11-29,74146.0,72700.0,74515.0,72700.0,3639400.0,72700.0
^BVSP,2017-11-28,74060.0,74140.0,74989.0,74056.0,3030700.0,74140.0
^BVSP,2017-11-27,74157.0,74059.0,74157.0,73159.0,2810800.0,74059.0
^BVSP,2017-11-24,74503.0,74157.0,74542.0,74093.0,2510300.0,74157.0
^BVSP,2017-11-23,74519.0,74487.0,74578.0,73851.0,1556800.0,74487.0
^BVSP,2017-11-22,74611.0,74519.0,75019.0,74242.0,3410600.0,74519.0
^BVSP,2017-11-21,73439.0,74595.0,75073.0,73439.0,3539600.0,74595.0
^BVSP,2017-11-17,72512.0,73437.0,73632.0,72390.0,2749700.0,73437.0
^BVSP,2017-11-16,70827.0,72512.0,72896.0,70827.0,3340900.0,72512.0
^BVSP,2017-11-14,72442.0,70827.0,72838.0,70825.0,4352600.0,70827.0
^BVSP,2017-11-13,72167.0,72475.0,72735.0,71776.0,2783400.0,72475.0
^BVSP,2017-11-10,72932.0,72166.0,73019.0,71920.0,3140100.0,72166.0
^BVSP,2017-11-09,74363.0,72931.0,74363.0,72795.0,3303800.0,72931.0
^BVSP,2017-11-08,72468.0,74363.0,74481.0,72468.0,3408800.0,74363.0
^BVSP,2017-11-07,74306.0,72415.0,74306.0,72386.0,4888900.0,72415.0
^BVSP,2017-11-06,73911.0,74311.0,74445.0,73830.0,3297400.0,74311.0
^BVSP,2017-11-03,73834.0,73915.0,74254.0,73094.0,4386900.0,73915.0
^BVSP,2017-11-01,74310.0,73824.0,75199.0,73823.0,3668100.0,73824.0
^BVSP,2017-10-31,74798.0,74308.0,75142.0,74145.0,3545700.0,74308.0
^BVSP,2017-10-30,75973.0,74800.0,75973.0,74305.0,3811600.0,74800.0
^BVSP,2017-10-27,75898.0,75976.0,76617.0,75601.0,3434400.0,75976.0
^BVSP,2017-10-26,76671.0,75896.0,77061.0,75813.0,2901100.0,75896.0
^BVSP,2017-10-25,76350.0,76671.0,76883.0,75404.0,2953800.0,76671.0
^BVSP,2017-10-24,75426.0,76350.0,76420.0,75426.0,3047500.0,76350.0
^BVSP,2017-10-23,76398.0,75413.0,76498.0,75315.0,2631800.0,75413.0
^BVSP,2017-10-20,76291.0,76391.0,76971.0,76291.0,2645300.0,76391.0
^BVSP,2017-10-19,76591.0,76283.0,76591.0,75366.0,2509800.0,76283.0
^BVSP,2017-10-18,76211.0,76591.0,76730.0,76012.0,3156800.0,76591.0
^BVSP,2017-10-17,76892.0,76201.0,76892.0,76046.0,2771100.0,76201.0
^BVSP,2017-10-16,76985.0,76892.0,77382.0,76565.0,3075600.0,76892.0
^BVSP,2017-10-13,76659.0,76990.0,77319.0,76659.0,3200100.0,76990.0
^BVSP,2017-10-11,76910.0,76660.0,76985.0,76323.0,3781500.0,76660.0
^BVSP,2017-10-10,75745.0,76897.0,76996.0,75745.0,3489200.0,76897.0
^BVSP,2017-10-09,76055.0,75727.0,76067.0,75181.0,2335300.0,75727.0
^BVSP,2017-10-06,76618.0,76055.0,76618.0,75603.0,2994300.0,76055.0
^BVSP,2017-10-05,76592.0,76618.0,78024.0,76592.0,4112900.0,76618.0
^BVSP,2017-10-04,76763.0,76591.0,77004.0,76422.0,3119500.0,76591.0
^BVSP,2017-10-03,74363.0,76763.0,76763.0,74363.0,3816900.0,76763.0
^BVSP,2017-10-02,74295.0,74360.0,74506.0,73845.0,2512000.0,74360.0
^BVSP,2017-09-29,73571.0,74294.0,74518.0,73571.0,3126600.0,74294.0
^BVSP,2017-09-28,73808.0,73567.0,74011.0,73277.0,3082900.0,73567.0
^BVSP,2017-09-27,74358.0,73797.0,74744.0,73125.0,3788600.0,73797.0
^BVSP,2017-09-26,74443.0,74319.0,74971.0,74319.0,3565400.0,74319.0
^BVSP,2017-09-25,75381.0,74443.0,75470.0,74303.0,3376500.0,74443.0
^BVSP,2017-09-22,75618.0,75390.0,75734.0,75029.0,2801700.0,75390.0
^BVSP,2017-09-21,76014.0,75604.0,76251.0,75282.0,3228500.0,75604.0
^BVSP,2017-09-20,75974.0,76004.0,76420.0,75074.0,3890900.0,76004.0
^BVSP,2017-09-19,75990.0,75974.0,76071.0,75300.0,3026100.0,75974.0
^BVSP,2017-09-18,75758.0,75990.0,76404.0,75621.0,3437400.0,75990.0
^BVSP,2017-09-15,74656.0,75757.0,75820.0,74648.0,4825000.0,75757.0
^BVSP,2017-09-14,74787.0,74657.0,74949.0,74397.0,3206100.0,74657.0
^BVSP,2017-09-13,74543.0,74788.0,75146.0,74196.0,3212500.0,74788.0
^BVSP,2017-09-12,74322.0,74539.0,75332.0,74294.0,3591700.0,74539.0
^BVSP,2017-09-11,73096.0,74319.0,74636.0,73096.0,3283100.0,74319.0
^BVSP,2017-09-08,73413.0,73079.0,73646.0,72925.0,3114100.0,73079.0
^BVSP,2017-09-06,72157.0,73412.0,73608.0,72157.0,4242500.0,73412.0
^BVSP,2017-09-05,72134.0,72151.0,73180.0,71827.0,4230900.0,72151.0
^BVSP,2017-09-04,71921.0,72129.0,72141.0,71671.0,1998000.0,72129.0
^BVSP,2017-09-01,70848.0,71923.0,72217.0,70846.0,3880900.0,71923.0
^BVSP,2017-08-31,70887.0,70835.0,71234.0,70516.0,4245100.0,70835.0
^BVSP,2017-08-30,71328.0,70886.0,71454.0,70755.0,2663200.0,70886.0
^BVSP,2017-08-29,71005.0,71330.0,71330.0,70517.0,2274700.0,71330.0
^BVSP,2017-08-28,71074.0,71017.0,71390.0,70909.0,2196400.0,71017.0
^BVSP,2017-08-25,71138.0,71074.0,71506.0,70801.0,2411000.0,71074.0
^BVSP,2017-08-24,70482.0,71133.0,71238.0,70482.0,3113000.0,71133.0
^BVSP,2017-08-23,70011.0,70478.0,70587.0,69947.0,3348400.0,70478.0
^BVSP,2017-08-22,68645.0,70011.0,70278.0,68645.0,3907500.0,70011.0
^BVSP,2017-08-21,68713.0,68635.0,69068.0,68514.0,2643300.0,68635.0
^BVSP,2017-08-18,67990.0,68715.0,68808.0,67979.0,3464800.0,68715.0
^BVSP,2017-08-17,68596.0,67977.0,68596.0,67866.0,2661800.0,67977.0
^BVSP,2017-08-16,68356.0,68594.0,68950.0,68304.0,3753400.0,68594.0
^BVSP,2017-08-15,68296.0,68355.0,68846.0,68293.0,2753200.0,68355.0
^BVSP,2017-08-14,67364.0,68285.0,68642.0,67226.0,2827300.0,68285.0
^BVSP,2017-08-11,66992.0,67359.0,67623.0,66678.0,2890000.0,67359.0
^BVSP,2017-08-10,67671.0,66992.0,67671.0,66650.0,2820800.0,66992.0
^BVSP,2017-08-09,67894.0,67671.0,67894.0,67290.0,2488000.0,67671.0
^BVSP,2017-08-08,67936.0,67899.0,68500.0,67671.0,3134300.0,67899.0
^BVSP,2017-08-07,66898.0,67940.0,68043.0,66887.0,2996800.0,67940.0
^BVSP,2017-08-04,66783.0,66898.0,67104.0,66525.0,2370900.0,66898.0
^BVSP,2017-08-03,67136.0,66777.0,67256.0,66705.0,2722400.0,66777.0
^BVSP,2017-08-02,66504.0,67136.0,67277.0,66305.0,3713700.0,67136.0
^BVSP,2017-08-01,65925.0,66516.0,66606.0,65925.0,2762600.0,66516.0
^BVSP,2017-07-31,65503.0,65920.0,66048.0,65503.0,2572700.0,65920.0
^BVSP,2017-07-28,65253.0,65497.0,65497.0,64953.0,2760700.0,65497.0
^BVSP,2017-07-27,65013.0,65277.0,65678.0,65013.0,2483900.0,65277.0
^BVSP,2017-07-26,65668.0,65011.0,65873.0,64992.0,2942300.0,65011.0
^BVSP,2017-07-25,65101.0,65668.0,65749.0,65101.0,2737400.0,65668.0
^BVSP,2017-07-24,64695.0,65100.0,65104.0,64678.0,1908900.0,65100.0
^BVSP,2017-07-21,64936.0,64684.0,65150.0,64599.0,2125500.0,64684.0
^BVSP,2017-07-20,65178.0,64938.0,65505.0,64898.0,2252900.0,64938.0
^BVSP,2017-07-19,65337.0,65180.0,65604.0,64874.0,2622700.0,65180.0
^BVSP,2017-07-18,65208.0,65338.0,65338.0,64943.0,2213500.0,65338.0
^BVSP,2017-07-17,65431.0,65212.0,65478.0,65119.0,2255300.0,65212.0
^BVSP,2017-07-14,65178.0,65436.0,65624.0,65178.0,2711600.0,65436.0
^BVSP,2017-07-13,64854.0,65178.0,65302.0,64854.0,3121700.0,65178.0
^BVSP,2017-07-12,63840.0,64836.0,64938.0,63827.0,4116300.0,64836.0
^BVSP,2017-07-11,63027.0,63832.0,63891.0,62908.0,2566700.0,63832.0
^BVSP,2017-07-10,62322.0,63025.0,63135.0,62322.0,2224000.0,63025.0
^BVSP,2017-07-07,62474.0,62322.0,62926.0,62035.0,2894200.0,62322.0
^BVSP,2017-07-06,63156.0,62470.0,63188.0,62354.0,3038700.0,62470.0
^BVSP,2017-07-05,63215.0,63154.0,63485.0,62708.0,3169900.0,63154.0
^BVSP,2017-07-04,63268.0,63232.0,63346.0,63076.0,950700.0,63232.0
^BVSP,2017-07-03,62901.0,63280.0,63338.0,62901.0,2086300.0,63280.0
^BVSP,2017-06-30,62238.0,62900.0,63038.0,62238.0,2688200.0,62900.0
^BVSP,2017-06-29,62010.0,62239.0,62499.0,61689.0,2915500.0,62239.0
^BVSP,2017-06-28,61684.0,62018.0,62057.0,61433.0,2719100.0,62018.0
^BVSP,2017-06-27,62188.0,61675.0,62424.0,61580.0,3275700.0,61675.0
^BVSP,2017-06-26,61088.0,62188.0,62251.0,61088.0,2599200.0,62188.0
^BVSP,2017-06-23,61272.0,61087.0,61400.0,60992.0,2836700.0,61087.0
^BVSP,2017-06-22,60762.0,61272.0,61354.0,60758.0,3066900.0,61272.0
^BVSP,2017-06-21,60783.0,60762.0,61188.0,60544.0,3274700.0,60762.0
^BVSP,2017-06-20,62011.0,60766.0,62011.0,60766.0,3956200.0,60766.0
^BVSP,2017-06-19,61620.0,62014.0,62272.0,61620.0,2752600.0,62014.0
^BVSP,2017-06-16,61911.0,61626.0,61921.0,61269.0,5088000.0,61626.0
^BVSP,2017-06-14,61831.0,61923.0,62475.0,61508.0,4328500.0,61923.0
^BVSP,2017-06-13,61708.0,61829.0,62012.0,61510.0,2469100.0,61829.0
^BVSP,2017-06-12,62219.0,61700.0,62286.0,61279.0,3026600.0,61700.0
^BVSP,2017-06-09,62755.0,62211.0,63066.0,62095.0,3099900.0,62211.0
^BVSP,2017-06-08,63171.0,62756.0,63171.0,62376.0,2702400.0,62756.0
^BVSP,2017-06-07,62955.0,63171.0,63637.0,62912.0,2892300.0,63171.0
^BVSP,2017-06-06,62450.0,62955.0,63302.0,62426.0,2993300.0,62955.0
^BVSP,2017-06-05,62503.0,62450.0,62800.0,62010.0,2421700.0,62450.0
^BVSP,2017-06-02,62289.0,62511.0,62773.0,62161.0,2874500.0,62511.0
^BVSP,2017-06-01,62711.0,62289.0,63293.0,62165.0,3370200.0,62289.0
^BVSP,2017-05-31,63961.0,62711.0,63984.0,62673.0,4535100.0,62711.0
^BVSP,2017-05-30,63765.0,63962.0,64107.0,63720.0,2235300.0,63962.0
^BVSP,2017-05-29,64055.0,63761.0,64055.0,63531.0,1646300.0,63761.0
^BVSP,2017-05-26,63228.0,64085.0,64170.0,63228.0,3849400.0,64085.0
^BVSP,2017-05-25,63256.0,63227.0,63991.0,62762.0,4001000.0,63227.0
^BVSP,2017-05-24,62673.0,63257.0,64016.0,62673.0,4181200.0,63257.0
^BVSP,2017-05-23,61670.0,62662.0,62775.0,61670.0,4753500.0,62662.0
^BVSP,2017-05-22,62638.0,61673.0,62638.0,60925.0,5815800.0,61673.0
^BVSP,2017-05-19,61597.0,62639.0,63488.0,61597.0,6120800.0,62639.0
^BVSP,2017-05-18,67536.0,61597.0,67536.0,60315.0,11046700.0,61597.0
^BVSP,2017-05-17,68674.0,67540.0,68674.0,67163.0,3317200.0,67540.0
^BVSP,2017-05-16,68473.0,68684.0,68792.0,68124.0,3672400.0,68684.0
^BVSP,2017-05-15,68227.0,68474.0,68593.0,68081.0,3290300.0,68474.0
^BVSP,2017-05-12,67536.0,68222.0,68429.0,67536.0,3822600.0,68222.0
^BVSP,2017-05-11,67355.0,67538.0,67709.0,67191.0,2872600.0,67538.0
^BVSP,2017-05-10,66284.0,67350.0,67528.0,66284.0,3174100.0,67350.0
^BVSP,2017-05-09,65533.0,66278.0,66536.0,65533.0,2679100.0,66278.0
^BVSP,2017-05-08,65705.0,65526.0,66015.0,65295.0,2273300.0,65526.0
^BVSP,2017-05-05,64869.0,65710.0,65768.0,64863.0,2760000.0,65710.0
^BVSP,2017-05-04,66069.0,64863.0,66099.0,64721.0,3779900.0,64863.0
^BVSP,2017-05-03,66720.0,66094.0,66758.0,65898.0,3446400.0,66094.0
^BVSP,2017-05-02,65404.0,66722.0,66877.0,65404.0,3497000.0,66722.0
^BVSP,2017-04-28,64679.0,65403.0,65403.0,64592.0,2973700.0,65403.0
^BVSP,2017-04-27,64872.0,64677.0,65327.0,64292.0,3112100.0,64677.0
^BVSP,2017-04-26,65144.0,64862.0,65436.0,64679.0,3221600.0,64862.0
^BVSP,2017-04-25,64384.0,65148.0,65148.0,63875.0,3037200.0,65148.0
^BVSP,2017-04-24,63761.0,64389.0,64754.0,63761.0,3194100.0,64389.0
^BVSP,2017-04-20,63406.0,63761.0,64163.0,63388.0,2899700.0,63761.0
^BVSP,2017-04-19,64165.0,63407.0,64572.0,63219.0,3069500.0,63407.0
^BVSP,2017-04-18,64336.0,64159.0,64591.0,63717.0,3144800.0,64159.0
^BVSP,2017-04-17,62828.0,64335.0,64424.0,62828.0,0.0,64335.0
^BVSP,2017-04-13,63891.0,62826.0,63992.0,62826.0,3212900.0,62826.0
^BVSP,2017-04-12,64362.0,63892.0,64456.0,63814.0,4253500.0,63892.0
^BVSP,2017-04-11,64650.0,64360.0,64872.0,63351.0,3178400.0,64360.0
^BVSP,2017-04-10,64593.0,64650.0,64928.0,64115.0,2984000.0,64650.0
^BVSP,2017-04-07,64202.0,64593.0,65197.0,64016.0,2853100.0,64593.0
^BVSP,2017-04-06,64775.0,64223.0,64921.0,63762.0,2875000.0,64223.0
^BVSP,2017-04-05,65770.0,64775.0,66211.0,64493.0,2982200.0,64775.0
^BVSP,2017-04-04,65212.0,65769.0,65775.0,64990.0,2085300.0,65769.0
^BVSP,2017-04-03,64989.0,65211.0,65384.0,64774.0,2858500.0,65211.0
^BVSP,2017-03-31,65266.0,64984.0,65597.0,64859.0,2614200.0,64984.0
^BVSP,2017-03-30,65541.0,65266.0,65775.0,65070.0,2335700.0,65266.0
^BVSP,2017-03-29,64636.0,65528.0,65551.0,64476.0,3488200.0,65528.0
^BVSP,2017-03-28,64308.0,64640.0,64847.0,64042.0,3359100.0,64640.0
^BVSP,2017-03-27,63829.0,64308.0,64356.0,63030.0,2672800.0,64308.0
^BVSP,2017-03-24,63554.0,63854.0,63997.0,63469.0,2571200.0,63854.0
^BVSP,2017-03-23,63521.0,63531.0,63942.0,62840.0,3447400.0,63531.0
^BVSP,2017-03-22,62980.0,63521.0,63747.0,62496.0,4063300.0,63521.0
^BVSP,2017-03-21,64884.0,62980.0,64965.0,62795.0,3700200.0,62980.0
^BVSP,2017-03-20,64232.0,64884.0,65136.0,63672.0,3613900.0,64884.0
^BVSP,2017-03-17,65783.0,64210.0,66205.0,64152.0,5213000.0,64210.0
^BVSP,2017-03-16,66232.0,65783.0,66554.0,65531.0,2860400.0,65783.0
^BVSP,2017-03-15,64702.0,66235.0,66318.0,64537.0,3742100.0,66235.0
^BVSP,2017-03-14,65511.0,64699.0,65549.0,64699.0,2824800.0,64699.0
^BVSP,2017-03-13,64674.0,65534.0,65651.0,64674.0,2162800.0,65534.0
^BVSP,2017-03-10,64586.0,64675.0,65725.0,64472.0,3432900.0,64675.0
^BVSP,2017-03-09,64718.0,64585.0,65068.0,64203.0,3513300.0,64585.0
^BVSP,2017-03-08,65748.0,64718.0,65810.0,64496.0,3727200.0,64718.0
^BVSP,2017-03-07,66343.0,65742.0,66641.0,65668.0,2886200.0,65742.0
^BVSP,2017-03-06,66786.0,66341.0,66892.0,66119.0,3337500.0,66341.0
^BVSP,2017-03-03,65860.0,66786.0,66801.0,65860.0,2654400.0,66786.0
^BVSP,2017-03-02,67000.0,65855.0,67035.0,65594.0,3095300.0,65855.0
^BVSP,2017-03-01,66661.0,66989.0,67398.0,66661.0,2378500.0,66989.0
^BVSP,2017-02-24,67458.0,66662.0,67458.0,66452.0,3059900.0,66662.0
^BVSP,2017-02-23,68590.0,67461.0,69488.0,67279.0,3977800.0,67461.0
^BVSP,2017-02-22,69052.0,68590.0,69052.0,68282.0,3374600.0,68590.0
^BVSP,2017-02-21,68536.0,69052.0,69112.0,68536.0,3051100.0,69052.0
^BVSP,2017-02-20,67756.0,68533.0,68674.0,67756.0,2171300.0,68533.0
^BVSP,2017-02-17,67814.0,67748.0,67819.0,67158.0,2787300.0,67748.0
^BVSP,2017-02-16,67979.0,67814.0,68456.0,67661.0,3550800.0,67814.0
^BVSP,2017-02-15,66712.0,67976.0,68016.0,66712.0,4119600.0,67976.0
^BVSP,2017-02-14,66971.0,66713.0,67110.0,66251.0,3370900.0,66713.0
^BVSP,2017-02-13,66125.0,66968.0,67094.0,66125.0,3108800.0,66968.0
^BVSP,2017-02-10,64965.0,66125.0,66292.0,64935.0,3439000.0,66125.0
^BVSP,2017-02-09,64850.0,64965.0,65302.0,64587.0,2641700.0,64965.0
^BVSP,2017-02-08,64200.0,64835.0,64835.0,63740.0,3138600.0,64835.0
^BVSP,2017-02-07,64022.0,64199.0,64815.0,63938.0,2776200.0,64199.0
^BVSP,2017-02-06,64957.0,63993.0,65327.0,63933.0,2551400.0,63993.0
^BVSP,2017-02-03,64579.0,64954.0,65387.0,64264.0,3482700.0,64954.0
^BVSP,2017-02-02,64835.0,64578.0,65132.0,64163.0,2959200.0,64578.0
^BVSP,2017-02-01,64687.0,64836.0,65594.0,64687.0,3214300.0,64836.0
^BVSP,2017-01-31,64310.0,64671.0,64901.0,64284.0,2737700.0,64671.0
^BVSP,2017-01-30,66025.0,64302.0,66025.0,64165.0,2264300.0,64302.0
^BVSP,2017-01-27,66195.0,66034.0,66242.0,65876.0,2583400.0,66034.0
^BVSP,2017-01-26,65842.0,66191.0,66594.0,65842.0,3494100.0,66191.0
^BVSP,2017-01-24,65752.0,65840.0,66173.0,65615.0,3850500.0,65840.0
^BVSP,2017-01-23,64519.0,65749.0,65816.0,64500.0,2957000.0,65749.0
^BVSP,2017-01-20,63951.0,64521.0,64694.0,63951.0,3416700.0,64521.0
^BVSP,2017-01-19,64145.0,63951.0,64456.0,63574.0,2867100.0,63951.0
^BVSP,2017-01-18,64360.0,64150.0,64680.0,64063.0,3008900.0,64150.0
^BVSP,2017-01-17,63827.0,64354.0,64658.0,63456.0,2933800.0,64354.0
^BVSP,2017-01-16,63652.0,63831.0,64014.0,63556.0,1763700.0,63831.0
^BVSP,2017-01-13,63940.0,63652.0,64092.0,63366.0,2735500.0,63652.0
^BVSP,2017-01-12,62448.0,63954.0,64342.0,62448.0,4535000.0,63954.0
^BVSP,2017-01-11,62134.0,62446.0,62674.0,61665.0,3139800.0,62446.0
^BVSP,2017-01-10,61710.0,62132.0,62446.0,61710.0,2623400.0,62132.0
^BVSP,2017-01-09,61680.0,61700.0,62112.0,61307.0,2480800.0,61700.0
^BVSP,2017-01-06,62072.0,61665.0,62072.0,61396.0,2374800.0,61665.0
^BVSP,2017-01-05,61594.0,62071.0,62409.0,61594.0,3313000.0,62071.0
^BVSP,2017-01-04,61811.0,61589.0,61940.0,61302.0,2840800.0,61589.0
^BVSP,2017-01-03,59631.0,61814.0,61815.0,59631.0,3328300.0,61814.0
^BVSP,2017-01-02,60227.0,59589.0,60227.0,59371.0,808700.0,59589.0
^BVSP,2016-12-29,59782.0,60227.0,60248.0,59278.0,2119500.0,60227.0
^BVSP,2016-12-28,58688.0,59782.0,59911.0,58688.0,1960500.0,59782.0
^BVSP,2016-12-27,58627.0,58697.0,59068.0,58402.0,1624700.0,58697.0
^BVSP,2016-12-26,57941.0,58620.0,58781.0,57941.0,680200.0,58620.0
^BVSP,2016-12-23,57255.0,57937.0,58143.0,57255.0,2155400.0,57937.0
^BVSP,2016-12-22,57646.0,57255.0,57646.0,56829.0,2809800.0,57255.0
^BVSP,2016-12-21,57583.0,57647.0,58049.0,57221.0,2461900.0,57647.0
